age,tenure,monthly_spend,support_calls,usage_score,contract_type,churn
30,3,6704.885436107923,6,2.8086410571407847,yearly,1
40,5,9362.159902012007,6,1.8024707026287063,two_year,1
18,16,2257.5795983647045,0,0.7464645941167635,yearly,0
27,17,3912.253693153586,1,-0.1357648096715427,two_year,0
39,5,2110.746829651718,4,0.5756495532735191,monthly,1
41,12,1000.1992213758726,1,-3.2396987860030704,yearly,1
38,7,10677.807568404893,3,-0.25317559413362356,two_year,0
41,14,2605.1181008377007,0,2.9606334284424394,yearly,0
28,14,4980.422799526184,0,1.807565098390258,yearly,0
56,13,5574.9920446111955,2,0.2109362543050295,two_year,0
52,24,6927.152132763268,8,0.4449383932537142,two_year,1
60,4,4596.613628004907,3,0.9943303374994732,two_year,1
34,13,7352.183001932661,5,0.5386703236289103,monthly,1
39,9,1009.4712620866026,1,-1.3778556072317723,monthly,1
37,17,5552.765300188686,0,-1.533708614376673,monthly,1
33,6,6202.033461739123,0,0.005875133417110101,two_year,1
45,11,753.7644126852865,2,-2.305662220957786,two_year,0
23,6,556.0987582023954,1,-1.4675108269637684,yearly,0
45,25,1716.4504627521173,1,2.438314293821889,yearly,0
40,9,3009.440284227498,2,-1.3864626270165492,yearly,0
29,14,7786.444936099859,5,-1.6852784046709148,monthly,1
36,7,3621.82307539162,1,2.9928286309381233,yearly,1
24,4,1541.2934425931044,2,-0.026672024802168126,yearly,0
27,5,2438.492183187378,0,-1.9599580172994369,two_year,0
39,22,1372.589058995698,1,3.024389572737849,monthly,0
42,19,2026.6326210204347,1,-2.6613820244113944,monthly,1
40,21,988.285652985006,0,0.3714202194854139,yearly,0
44,4,5729.086777995365,1,-1.5585263465680184,monthly,0
57,22,4584.831702231907,1,-0.23622431460497595,monthly,1
36,5,3870.825646594919,3,-2.4522981001675426,two_year,0
38,14,4494.355589958059,4,-2.0164319870916723,two_year,0
53,2,5087.655471600241,4,3.535688871784603,yearly,1
22,5,1140.4393623039027,0,0.3322278829955492,two_year,0
40,13,4910.462028039126,1,0.01981397328816903,yearly,0
62,19,2578.908649863119,0,0.9068883952999197,yearly,0
39,5,5696.499351529279,3,0.7752129751638581,yearly,0
31,22,839.5792834035947,3,-1.175655484913988,two_year,1
50,9,1864.746181832249,0,-0.5602510506801263,monthly,0
23,6,3777.2248619378765,2,0.8204136470778896,yearly,0
34,0,6578.485533089799,3,3.358416137775105,monthly,0
24,17,7480.676396214503,8,3.0178721646156217,monthly,1
42,5,6987.780419660885,5,1.1172736440234319,monthly,1
44,14,864.468245388337,3,-0.10879986744952208,two_year,1
36,2,4676.254614453609,0,-0.5427852173982117,monthly,0
49,2,4248.248914373327,3,0.7990970564614777,yearly,0
34,27,3478.3543985146316,4,2.353682013839284,two_year,0
25,7,218.007962964939,1,-0.8793850590436058,monthly,0
54,4,3856.8414244415194,0,-0.8477317229712287,monthly,0
58,10,1450.3426208487176,2,-3.4718142558615983,yearly,0
42,22,4169.351964851932,2,1.0014899536035315,yearly,1
32,13,3747.6846044929816,4,0.7272660229903757,two_year,1
52,12,1835.9550532358471,0,-1.9685585204915403,monthly,1
45,5,3957.8114405315237,6,2.243202475524904,yearly,0
21,21,3321.379328460671,5,0.4597548037297017,monthly,1
36,7,2091.2707687251977,1,-0.44512054526203937,yearly,0
49,16,8976.826346710783,10,3.2578042293576175,monthly,1
31,17,4194.380198673346,0,-1.2624950421106318,monthly,0
49,19,2096.298335553756,0,0.8532250306878296,two_year,0
26,19,2483.825926759901,2,2.7195670014833895,yearly,1
40,16,2548.1509567827593,0,1.2039877889882382,monthly,0
44,26,471.28300352761744,2,0.2814144502432713,two_year,0
36,8,5877.549900612539,3,-0.9488100303137446,monthly,1
32,11,2530.7367042155397,1,-3.0156775894545507,monthly,1
20,12,5214.313514719282,3,-1.0087572956473267,two_year,1
28,20,493.4781303160289,0,3.08693524296295,two_year,0
49,24,4538.130637594947,4,-1.7598348814088591,yearly,1
45,8,8306.310775464503,2,1.908380078397729,yearly,1
42,8,685.4365202305808,1,-4.074379487197936,yearly,1
38,8,5786.069589835619,2,1.2047977091910647,two_year,0
31,9,8640.45556692284,5,0.3219519877081458,yearly,1
40,2,6867.981147970938,3,1.257140238177781,monthly,1
32,25,2271.5802081404763,0,-2.105352135812418,two_year,1
52,0,5626.880828059704,4,3.9291883775179097,monthly,1
27,15,1262.2208228794584,1,1.2148072306910582,two_year,0
52,24,46.733710425653044,1,2.7711811890284808,monthly,0
51,5,6038.292048271481,6,3.2112862183749264,yearly,1
39,36,9147.333034457082,4,0.9253850602951523,yearly,1
43,7,5287.686358967996,6,4.4347693291338,monthly,1
33,27,4261.894969603956,2,-1.0931486125179937,yearly,1
36,6,6349.510558235233,0,0.6184666591696328,two_year,0
42,26,115.16348027411732,0,0.7157169593008015,monthly,0
46,24,6978.832778861748,1,-1.1811038138929313,monthly,1
42,1,7698.432050969106,2,0.04137878207983636,yearly,1
34,7,4876.018499882936,5,2.8119268520691056,two_year,1
29,17,3000.0385747081773,3,1.5847536378232152,monthly,0
62,5,6153.6567828429925,0,0.4074685586024269,yearly,1
41,8,733.181582318517,2,-1.4211847671506639,two_year,0
31,11,1949.7685763684235,1,-0.37174303061610736,yearly,0
29,21,1916.5865488984741,5,0.024978904035258376,monthly,1
44,10,1432.84836463061,0,-0.006798233804905629,yearly,0
41,8,5518.29186026296,3,-0.5387986298821874,two_year,0
32,3,7419.820167147349,4,1.0933566681417441,two_year,1
48,7,2850.2139227054777,1,-0.3411692937366413,two_year,0
21,10,4220.966388780622,3,0.14263923398725242,two_year,0
32,4,4412.365733615281,0,-2.0974098187274075,monthly,0
30,17,1141.5301429499427,5,-2.9114553321378924,yearly,1
33,11,3012.5208641084946,4,-2.7401822065477353,two_year,0
38,13,5879.001953403194,0,0.7894750559267485,yearly,0
46,12,8472.394494633007,7,1.9394711982706276,monthly,1
36,4,10506.58603341065,2,-3.0464468663116824,monthly,1
32,12,2944.498664422184,0,-0.38846238018758705,yearly,1
36,6,257.2901208314124,2,-0.269922091170705,monthly,0
43,32,5406.466990816248,3,-0.18786076094000648,two_year,1
30,0,6402.3188222218905,5,-2.948235040921386,monthly,0
28,13,2555.089975628652,0,-0.6305489942467611,two_year,1
54,3,4931.812067654389,4,4.468139656485217,monthly,1
49,4,6876.0812944028585,5,1.6460807711611407,monthly,1
48,3,2169.532546043785,0,-0.6961656044773097,two_year,0
42,5,4452.832753441764,1,0.23391810638158295,monthly,0
33,2,6936.348990681536,3,0.6664650441293667,monthly,1
21,4,6150.096581159844,3,-1.8499569700294296,monthly,0
39,8,1895.7142799210505,6,-1.948932513471752,yearly,1
38,5,5730.390398175796,5,1.5278732553161036,two_year,1
34,7,5805.5672245006635,4,1.476011995349995,two_year,1
41,6,930.4190543208788,1,-0.6522197931079958,monthly,0
37,7,2224.8670430894613,5,-1.9163160060783582,two_year,0
38,18,3636.2814393853314,1,0.6557357710473682,yearly,0
36,6,6017.68509765429,5,1.2294787917617531,monthly,1
47,19,3221.33017853758,2,-1.4767112406609084,two_year,1
44,9,4745.663228664143,1,0.0662645643066071,two_year,0
31,11,4774.169806871489,0,0.08957608068768275,two_year,0
36,2,8092.950686918672,3,1.3252330419162273,yearly,1
36,15,2395.6688105756575,2,-1.279049941890164,yearly,1
35,5,4618.257625161228,3,0.7677695673228815,monthly,0
37,4,4961.250540503209,0,-0.09934477466169156,monthly,0
24,9,5282.339199095255,1,-0.8249064777708919,monthly,0
36,15,3188.989486570804,0,2.3257731087307354,monthly,0
36,20,237.9304290055552,0,1.7998851548359336,yearly,0
17,2,7092.724701281844,4,1.5437503366631444,monthly,1
31,5,452.63686584899824,5,-3.603013296376113,two_year,0
54,6,5104.541119476212,0,0.1973588431993376,monthly,0
47,23,2062.87880664098,3,-0.8619995616324818,two_year,1
43,1,4886.829498936739,1,-2.6213214142368146,yearly,0
43,26,6540.153852109781,1,-1.811362498298825,monthly,1
37,13,241.9138408073586,1,-0.5179550337685457,two_year,0
37,1,4345.877843500457,0,-0.6315275568080558,monthly,0
24,4,9241.560539073627,6,1.3433995167791193,two_year,1
57,6,1452.7576699881756,0,0.33947165161203574,yearly,0
14,8,2816.471472335436,1,-1.2443807364038957,two_year,0
37,14,5250.923662301753,6,1.6960204815655673,yearly,1
49,19,3618.182745596823,1,1.7685356901634566,monthly,0
57,12,1396.5727699071476,3,-1.2204588661613225,two_year,0
46,1,1541.4370689078905,0,-1.8358663470739076,monthly,1
43,24,1294.4876867787398,4,2.3345810779105536,two_year,0
39,12,8279.232591761718,5,-0.8020995067390497,monthly,1
32,15,1305.5083895543903,0,-3.4889509544873567,yearly,1
41,12,596.6386385715987,2,-3.8321960041986345,yearly,0
43,21,1555.9184147217884,1,-0.9527797192024017,yearly,1
34,0,6214.690331472363,3,2.802469030405289,monthly,1
53,6,1661.5385263502776,2,-0.5054927049163385,two_year,0
63,3,6346.218324640649,4,2.193651094678119,yearly,1
40,11,457.4949496063273,2,-2.8374416520859223,yearly,1
27,6,5389.978190434998,6,2.9191435654970306,yearly,1
41,14,5680.48001200004,1,-1.2844235289600308,two_year,0
29,11,1174.9919044517342,1,-1.31600441460592,monthly,1
33,9,4171.843159787346,2,3.0911722991585187,monthly,0
35,8,4599.005311419885,7,-4.9343283106253235,monthly,0
56,9,9648.23566865587,4,-1.8335438760732852,monthly,1
41,14,57.0454387643822,3,-0.7709142579218955,monthly,1
31,13,2357.918559619204,3,-0.15976243379990585,two_year,1
48,13,3229.552305771119,2,-0.6163374166023494,two_year,0
36,22,7219.573869019907,7,-1.109871358819254,two_year,1
24,22,963.3641077768029,0,1.3028515849384719,monthly,0
17,14,5345.118925043689,7,2.4437433892843585,monthly,1
50,22,340.26848501086715,2,0.8823944494825835,monthly,0
25,6,11517.117742888673,5,-1.305955377091876,two_year,0
41,17,2343.6189579370593,6,-2.8576561304540755,monthly,0
30,8,860.5890258284498,0,-1.2164096798805306,two_year,1
48,23,3942.6685745538653,3,-2.371518861635207,yearly,1
39,17,2768.2376237464964,3,-1.8642560447425953,yearly,1
55,8,8240.182024244152,6,2.2374594981527,yearly,1
33,30,4048.7649323436126,0,-1.4411081899724465,yearly,1
47,0,4372.590050215169,3,1.4229848047807911,monthly,1
52,27,997.3057388319548,0,0.6338813097133267,two_year,0
35,11,4205.160608742555,0,2.0222762171044226,monthly,0
48,8,3009.1160614442583,2,-0.9390886686093338,yearly,0
44,16,2090.4706504835044,2,-0.7003086558233215,two_year,1
49,17,7838.874270829482,1,-0.8636492320373703,two_year,1
55,13,4467.706251983868,1,-0.1927293755639996,two_year,0
46,11,370.2279016703724,5,-3.814019413084996,monthly,0
23,13,2451.668678135837,0,-2.686056767880736,yearly,1
40,3,6512.678112727782,2,-0.1399255386061915,yearly,1
52,1,6858.190288741156,3,0.9634155478928286,monthly,1
41,9,1862.3318963925522,4,-3.245491426524677,monthly,0
33,1,5120.624455321283,2,1.6297890911258677,yearly,1
28,0,886.6954290540025,2,-0.4368088934056237,monthly,0
51,7,8833.953465512874,6,0.9417153710714481,two_year,1
44,7,2065.6006783866032,1,0.7191913252728726,yearly,1
38,4,6215.801202261939,3,1.1008487427100286,yearly,1
56,11,4132.373753691565,0,0.36175710423361007,yearly,1
51,4,5512.812777718232,4,1.2990669664964325,two_year,0
46,6,4381.154589806288,1,0.052117879323261285,two_year,0
31,6,2623.129985253973,1,-0.8454938320407436,yearly,1
37,8,3786.492842956607,4,-0.39120962327187003,yearly,0
40,10,5710.717440433317,1,2.288972829243865,two_year,0
48,19,4223.983804733083,4,-1.2783339384780332,monthly,1
31,19,861.6367382052667,4,2.032077118150751,two_year,0
45,7,6241.499607083933,2,-0.7055398626831817,two_year,1
27,20,3238.2836211067097,2,-2.0715909199872424,monthly,1
42,19,3219.557293141546,1,-1.0628923472302265,monthly,1
34,20,2057.1588486808514,0,1.632690496580768,monthly,0
54,7,2160.2679611461012,6,-0.6732910692842393,yearly,1
45,4,9404.39714561513,1,-0.7785634657908127,monthly,0
52,5,1630.331600140571,0,-1.1596945466410282,two_year,0
46,10,204.3235600660546,6,-3.807423722523473,yearly,0
30,16,1758.6746896863287,1,-0.8405433554680461,two_year,1
46,20,4608.92298017806,1,-0.5402675423278436,two_year,1
47,17,3379.501180679504,1,1.767219906703949,two_year,0
46,9,3998.915408873275,3,2.0970779753728097,yearly,0
36,14,3194.723347644378,2,-1.6406332459008324,yearly,0
43,23,1017.4247509527686,3,0.7385741476652123,two_year,0
51,22,6810.533054429922,0,-0.8865293084200384,yearly,1
41,20,1280.3495279682238,4,3.1784130472617065,two_year,0
38,10,539.9586647410051,4,-1.9626261499997402,yearly,1
29,18,6588.241759394356,7,1.962838248327817,monthly,1
58,20,3409.911801102934,3,2.0135903702345206,monthly,0
34,11,3775.4056012887413,6,3.306850432930767,two_year,1
35,0,9201.39620284101,4,1.974879307245625,two_year,1
45,13,1984.3922678414838,2,0.7879246162359013,two_year,1
34,15,1958.7054451497484,2,2.285817435167388,monthly,0
46,6,960.508238792876,6,-2.852560337098184,monthly,0
42,8,8630.554119221664,0,0.88457999759914,two_year,0
24,15,4645.660190676208,0,0.5489732379088191,monthly,0
27,13,5026.022412480835,0,1.1032973570595903,yearly,0
39,16,4206.563729680625,8,0.96997291104634,two_year,1
31,19,1488.2310370095483,2,-0.913598078103929,yearly,1
37,14,2042.4572038052615,1,0.4563356721397118,monthly,1
58,10,5552.696165784483,2,-0.1624126668385839,monthly,0
43,19,2017.2011594288829,1,0.8949132398820495,monthly,0
40,17,1304.3363665289098,2,3.5160461752641377,yearly,0
31,14,3187.3586019566524,1,-0.9651081398626298,yearly,1
38,24,2165.988719271956,1,-1.698463227276183,monthly,1
53,8,418.8738374069326,0,-0.08636148469752192,two_year,0
45,11,3288.8604281754833,4,1.34305943871959,monthly,1
46,16,95.83897676471588,2,-2.9387428734242245,two_year,1
35,6,2919.302074324564,2,-1.8932090653144762,yearly,0
35,20,4106.78164627157,0,-1.6271133116906902,monthly,1
40,13,3955.4480586216637,6,1.9265876169735208,monthly,1
40,20,4593.454170721104,0,0.9415498093170505,yearly,0
41,3,8601.504146044945,5,1.9560668908605496,monthly,1
32,2,6597.775128538369,1,0.6757036939690937,monthly,0
31,23,3713.9754896267605,1,-4.116260438629878,monthly,1
45,15,4830.032208180393,4,-0.664527411737601,two_year,1
30,1,6187.562891095836,1,-1.330687535355783,yearly,1
39,10,4507.052544584463,4,1.1040062261999735,two_year,1
40,15,2575.216604653694,2,2.7066108916791842,two_year,0
51,9,1012.8503428512613,4,-1.2703936450097444,two_year,1
40,17,4056.8635042263536,1,0.649089483712392,monthly,0
35,24,1868.0441279772067,4,1.4101804739691377,two_year,0
47,27,3773.2105791502727,5,1.8698409862166558,yearly,0
42,25,5871.140756430187,2,0.6996886034029763,two_year,1
32,13,7089.198803819129,6,1.3669058616292311,two_year,1
27,11,972.1802599520001,2,-2.192810552117409,yearly,0
27,3,6786.119965713357,1,1.4229520419647195,two_year,0
39,2,9881.893916931913,2,-0.4002566885633092,yearly,1
37,9,2099.5530243466724,6,-0.005952486144412683,monthly,1
34,8,2642.583594865905,1,-1.5214932598285051,monthly,0
43,17,3515.8686510202747,0,-0.13319389429091155,two_year,1
37,15,1569.2416419709862,0,-0.14462309933991224,monthly,0
47,7,109.46826719938053,3,0.4884715117173817,yearly,0
42,25,6841.5237654290895,9,1.7382819511272722,yearly,1
44,20,2254.75184441201,0,2.69414691966331,yearly,0
37,12,3487.1975727452063,5,1.40818201033052,yearly,0
42,10,1454.0662008382128,0,-2.6817907027643813,monthly,1
63,7,8599.832754071558,4,-0.376873203415409,two_year,1
40,32,5648.731511602187,4,-2.215651036077839,monthly,1
45,2,2608.747197019813,0,-1.5207340361639288,monthly,0
48,6,6168.887489389112,2,-0.7937442777811379,yearly,1
49,1,4158.124507325797,2,-0.4158746354449663,two_year,0
40,15,317.7954183773263,5,2.331287518724193,monthly,0
37,21,403.8916312921956,4,-0.016365157044004652,yearly,1
63,29,6339.7029300683525,0,-1.3375075093226052,yearly,1
53,12,5674.627485718296,3,-0.7475182245894454,yearly,0
22,14,1520.6491775556642,0,-1.8232170113601454,two_year,1
22,1,3448.6181033600783,0,-1.3917544497930026,yearly,0
29,5,7508.40573740613,3,0.04109032561126924,monthly,1
61,8,777.3552618227068,7,-0.5059483446156603,yearly,1
34,1,7602.8638007347145,4,2.527824864359019,monthly,0
37,9,3058.1692217398704,0,-1.2036096155500808,yearly,0
49,0,7835.876596389244,3,0.20893654803878292,monthly,1
46,21,719.0046168851832,3,2.001401822363954,two_year,0
37,5,2071.6190180674375,0,-3.494787097077582,monthly,1
26,25,1078.4279766309855,0,-0.00808764636380399,two_year,0
44,23,1254.7150658007158,1,0.7298408271802898,monthly,0
27,4,4824.888537711055,2,0.5267889654182925,two_year,0
39,21,4834.3583113120485,0,-0.8938155463914592,monthly,1
32,11,6774.931700140933,4,-0.5407237989392182,yearly,1
34,27,4005.2112757790187,2,2.7571101245949556,monthly,1
34,18,2439.111320324005,4,-0.3091208519954789,yearly,1
38,18,1693.598565700766,1,2.260964300050584,two_year,0
59,17,2844.149043492572,0,-1.5523764597049041,monthly,1
44,1,4025.385198142938,0,-1.3752874253377079,two_year,0
56,5,1815.3977737176592,1,-1.1547915462665923,yearly,0
40,7,6093.385718554995,6,2.0341811193417483,yearly,1
29,12,6248.307821434461,0,0.8696679273035963,two_year,0
33,10,3520.725523588987,5,2.7006386435298846,yearly,0
31,15,5343.862103670039,7,2.794132649299426,two_year,1
24,3,955.6502848910659,0,-1.4258309289295399,monthly,1
41,12,5244.961611194998,1,0.18096445011164364,monthly,0
26,13,7451.9981482539915,6,0.27342867720313,monthly,1
38,29,2479.8692928373966,0,0.8823239215382919,monthly,0
32,11,650.87069859039,2,-1.63130180524014,monthly,1
44,19,3678.6994896426136,3,-1.9446355864671085,two_year,1
42,14,6434.483302533546,0,1.0150006780614689,monthly,1
28,17,391.8868668585883,3,2.777866188708733,yearly,0
43,9,2621.0351387551505,0,-1.1428676724375528,monthly,0
33,24,1998.3473081807392,2,-2.575881507061599,monthly,1
38,27,678.6893578192858,0,1.8235863183561452,two_year,0
39,8,1567.5691344158768,2,-1.5041209284370183,two_year,1
32,11,3458.896398224216,3,1.7632526247341997,yearly,0
42,8,4100.086363928723,4,-2.2989273495182805,yearly,0
45,9,2834.621434864655,0,1.643128798512588,yearly,0
56,6,5733.02967390884,6,2.8077086210037914,yearly,1
37,23,3165.096704453751,2,0.3075799045922585,yearly,0
37,7,8.516965939025795,3,-2.395356491207906,two_year,0
40,17,4436.145235062297,1,-1.322496000251689,monthly,1
29,0,7475.778280129276,3,2.1898732367822547,yearly,1
24,9,786.2349145671897,0,-0.7264329818820499,two_year,0
39,19,6270.341164500214,4,-1.6667347834470374,monthly,1
57,21,3777.098965034399,4,1.270837464088265,two_year,1
41,7,2199.2170172299025,3,0.6930629858067909,yearly,0
50,18,4432.322673494442,0,-0.6560905280385931,monthly,0
38,7,15.550678321611485,0,0.12521902232718118,monthly,0
36,13,2077.862796952093,0,-3.9961732299990835,monthly,1
33,11,8036.566346040609,7,2.262317915311818,two_year,1
47,12,7273.727353587205,0,0.14579360555232834,two_year,0
50,15,3495.693337798418,3,-1.4916400043930877,monthly,1
41,20,1912.6733149506754,0,0.577697948596825,two_year,0
46,24,6539.890907878075,4,-0.40818607935073503,two_year,1
54,18,2121.8894823023693,2,2.873578251408679,yearly,0
58,21,9203.469696565717,9,0.7779811340243835,monthly,1
43,9,6360.63253467384,4,0.10504917571411654,two_year,1
32,10,1894.9876938357083,0,-1.307416228254859,yearly,0
40,7,9322.106396501786,5,0.10156839244088367,two_year,1
42,3,7822.772697953214,2,-0.8371349001361753,monthly,0
26,6,6370.613061891032,5,2.3953917209316025,monthly,1
49,7,4408.023266159033,5,2.4141317665937967,two_year,1
58,9,8686.778143536172,4,3.98913248677863,yearly,1
46,27,2939.193210466973,1,3.690457749428333,two_year,0
54,14,3931.454418325089,6,-1.4494087700652938,yearly,1
40,3,8493.157407462604,3,1.4120873582334998,monthly,0
35,17,1556.9295812743408,0,-2.9443971073390127,two_year,1
31,22,1778.499785952953,1,0.3410548920902028,yearly,1
47,8,4347.41535558521,3,0.22397620366704518,yearly,0
43,14,3690.204943625339,1,-1.3560019881397258,two_year,1
39,1,6567.896669760395,5,1.1320631564472214,yearly,0
52,12,5696.134812462193,7,2.811065012689964,two_year,1
34,10,6624.862326160153,3,-1.0100773482597338,monthly,1
37,16,7310.4974388386045,7,0.5225322202711999,yearly,1
40,8,631.9085959164331,4,-1.0458799339746045,monthly,1
31,0,8172.856016071266,2,-0.5665792818047636,two_year,0
27,2,7952.943452703811,4,1.781242612577314,yearly,1
29,20,6396.250599630236,6,-0.9778689011810409,yearly,1
43,15,21.30657384666847,3,3.3353916364319076,monthly,0
33,8,858.411371201847,1,-2.41135324421684,two_year,1
41,7,4818.0781660410585,2,-1.8541847498769972,yearly,0
36,14,2538.31678340588,2,-0.15796550828671463,yearly,1
53,25,5269.230481222655,4,-1.2076756495274783,yearly,1
37,16,2454.040969880451,0,0.48698364964450136,yearly,0
47,14,3755.353813837793,1,-0.49866224578216123,two_year,0
34,8,7449.463167440395,4,0.013527781032001363,yearly,1
53,7,4327.751255699346,3,2.3438135780782328,monthly,0
43,7,4604.263408501391,0,-2.3200737153940842,monthly,0
51,15,2179.9560267720403,2,1.449925561636471,yearly,0
35,15,4910.469852893889,1,-4.023757827113713,monthly,1
56,2,9269.344160832145,1,0.6495908903528886,monthly,0
44,22,4213.042521018091,2,0.041397054632094976,yearly,1
55,5,3900.432680604715,0,-0.003729248202029467,monthly,1
35,8,1625.073804112848,0,-0.15120730025852924,yearly,0
46,2,3012.386942565114,3,0.879035420301733,monthly,0
41,14,2271.6050268483473,1,-1.9947781516053662,monthly,1
36,23,776.7209419839564,1,1.5923601032088017,yearly,0
51,4,8196.640347374649,1,0.9985526834428784,two_year,0
36,7,2753.760899253335,0,-1.9204511392102595,monthly,0
32,28,3912.158753916615,1,-0.6211733489650813,yearly,1
28,9,8080.111334146039,2,-2.4422505208661796,yearly,1
48,25,4763.225686977999,0,-0.029256405210401515,monthly,1
32,19,1507.8165732194589,2,1.0481931357357663,monthly,0
46,9,4923.656201933547,5,-3.986935292914926,two_year,0
54,7,8695.670764602475,6,1.394644971961711,monthly,1
28,10,668.2860282453667,1,-2.080408464185802,yearly,1
46,22,3490.9478804642577,1,-0.34322702303864405,monthly,1
43,4,5331.655513124583,2,0.4582766051078586,monthly,0
39,16,4209.615784489035,2,0.39618542947584834,two_year,0
42,11,1060.3768011536354,2,-0.7239674222298667,monthly,1
46,22,6317.437766240147,1,-1.6545996076814034,monthly,1
28,14,2772.002721337943,3,0.5568680006430622,two_year,0
41,13,3085.5521081268034,3,0.8323476124063125,two_year,0
43,3,7809.847868587687,1,0.8208261609692742,two_year,0
51,7,9796.68774885837,1,-0.7344308987083581,two_year,1
31,8,6378.710782069033,5,1.7442111596752548,monthly,1
39,5,8656.117799341286,2,0.11009153769728042,two_year,0
26,16,3233.804457699236,2,-3.114383673909631,monthly,1
51,0,6080.6692503140375,1,-0.3225791032333356,yearly,1
28,20,3376.9676152586635,0,-2.9574932093866613,yearly,0
31,28,519.529562172911,1,1.2504785558035802,yearly,0
64,13,4001.4166960978487,3,2.327749432944243,two_year,1
49,8,1485.9423759665506,0,-0.9892263613598753,two_year,0
45,4,1790.270916811306,4,-2.5017173303028626,two_year,0
41,6,2113.1923420327457,2,3.7080742064344183,two_year,1
38,2,6424.907573943007,3,1.2790906324208962,monthly,1
33,8,8010.349103137301,1,0.004578260458427463,yearly,0
33,14,5454.708369952844,4,0.07145784357719409,yearly,1
33,22,5109.673698991357,9,3.224608568569539,two_year,1
41,27,5344.579743165433,4,0.22002503495660486,yearly,1
47,30,4517.161238084349,2,-1.1620203637557331,monthly,1
50,4,6625.021126558238,3,-0.0782762308767242,yearly,1
29,12,1311.6238634000651,4,0.015536059910384648,monthly,1
26,6,262.8142728358589,2,-1.9793484036236317,monthly,0
45,32,1800.6256231755842,0,0.8007567626182645,yearly,0
34,6,3474.328784321913,2,0.12766900753230304,yearly,0
48,18,5327.1855579717,4,-2.2253384045674536,monthly,1
29,13,4300.402953164293,8,-1.2802664062145497,two_year,1
40,6,6349.179702718389,4,-2.766197203971417,two_year,0
27,21,3682.649011435825,1,-0.22788396614039352,yearly,1
48,10,10996.486954175198,7,0.015820377632929428,two_year,1
32,31,5040.265136929988,1,-0.30056025834292155,two_year,1
33,21,3725.8199883045154,0,0.3614208850846554,yearly,1
51,22,5635.301913477582,0,1.3730850915117898,monthly,1
43,15,5651.306076056784,1,0.8474795618470324,two_year,0
37,5,4187.767005554856,5,1.6420053326327695,monthly,1
53,26,4971.168299736613,1,0.6729398351037479,monthly,1
46,5,1943.549860254705,2,-2.5675201763363256,two_year,1
22,22,1081.5468411200964,2,0.10162121231696564,two_year,0
34,10,2956.913670595918,0,-1.3405587832959671,yearly,1
22,8,8067.297780347558,4,-0.9729261054515865,two_year,1
33,0,8265.361673997537,2,0.3284646507730401,two_year,1
23,21,1468.110513886033,1,2.244316875839769,monthly,0
52,18,6357.882300703526,5,-0.6316944803589083,two_year,1
29,17,1812.8822859215197,3,-1.9157733497100242,yearly,1
31,13,6975.860799927541,6,0.5698695443575477,two_year,1
28,14,3563.5499725088357,1,0.6935465564170629,two_year,0
27,14,6486.9337987460085,7,1.4575253833191582,monthly,1
40,14,6773.528170356598,6,0.4636177934155842,two_year,1
41,5,5877.017098909707,5,3.512776480996096,two_year,1
58,22,5103.394520382204,3,-1.0415336129930284,yearly,1
46,18,5046.054637368574,7,2.571376480302602,two_year,1
45,8,6422.301728726326,2,0.3475387485783582,yearly,0
34,4,5290.782164138635,3,1.2641616682103047,yearly,1
51,7,4671.533924445323,3,2.0378311592297007,two_year,0
47,8,1745.739370477574,1,-1.376096575117939,yearly,1
50,15,1928.3638596070855,0,-1.3208531014677203,two_year,1
57,9,2973.5395553642784,0,0.11977997838500065,yearly,0
40,12,2898.691145945124,2,1.5281398610001586,two_year,0
27,10,323.2444766904,1,0.032238030980304755,monthly,1
37,3,7520.974314928172,3,-2.571392636586576,yearly,0
38,3,8286.596543740658,3,-0.5423216907444954,yearly,1
29,8,3174.014285821395,8,-4.037571605178786,yearly,0
51,3,5188.540536995339,2,-1.9146197452900653,two_year,0
34,14,4153.369173893259,0,0.0389592618611746,two_year,0
38,12,2325.5165200726483,0,-0.9929666520958089,two_year,1
39,10,9388.252226711782,6,0.09830070454752382,yearly,1
44,20,3190.7730945983612,0,-0.3360750698470837,monthly,1
42,4,1381.4918221209477,2,-2.2796501679155012,monthly,0
38,18,2469.7071283643504,5,-0.07698089867140578,two_year,1
40,23,1036.4739628354519,2,2.2222877111724006,monthly,0
48,22,902.4879092495175,1,1.8278048315109616,two_year,0
42,2,6324.397985392456,2,-1.2595449760914554,two_year,0
31,24,435.62990594973326,1,1.1342113308134523,yearly,0
44,12,663.2536810997644,2,-1.7592466939678852,monthly,0
38,16,4733.126861630263,1,-0.4033399370191466,monthly,0
43,2,9295.189195337596,3,-0.34625847703954316,two_year,1
32,11,7605.82310107788,6,0.22295000977309332,yearly,1
53,22,5019.010561451137,2,1.0744775944922305,two_year,1
41,21,1776.5808934593433,1,-1.082344685016033,two_year,1
39,18,2694.1078498975803,0,2.223245657422295,monthly,0
40,25,3072.8601616749283,2,4.041370623920751,two_year,0
47,7,5957.451576334794,2,1.0355722273294687,two_year,0
20,19,3255.0336365811518,0,0.7781818589780829,yearly,0
44,10,5501.788940380463,2,0.6298849216014231,yearly,0
59,9,1697.7375659661311,0,-0.37650284351545127,monthly,0
59,2,6852.918571103858,2,0.002085995602521651,two_year,1
46,2,6270.952446124242,2,0.42049054853478707,monthly,1
47,7,7701.586397420108,0,-4.76222603356198,monthly,1
48,5,8785.880680359809,4,0.39605512191482095,yearly,1
37,4,7201.475888961759,0,2.1422241782624676,two_year,0
47,18,2583.2393072081118,1,1.056706994084714,monthly,0
36,5,6886.173631012012,0,0.5747985148973405,monthly,0
40,10,3529.2352072575336,2,-0.5927260774776123,yearly,1
50,22,2842.276233745444,0,-0.6426124241916731,two_year,0
44,20,6738.728674343399,3,-1.6279038591377295,yearly,1
28,14,3828.313471641194,2,-0.06085313854093011,monthly,0
30,13,511.6836066908754,2,-1.1719835978138653,yearly,1
49,8,5358.4173258403125,2,0.5002049581725795,yearly,0
42,18,1394.1841755018027,1,-1.5721144625938004,two_year,1
32,19,3059.7597937396085,2,0.16750632353594375,monthly,0
44,20,1737.5536886518653,0,1.6556405314064004,monthly,0
46,18,1103.6000050599278,0,1.989395704085539,yearly,0
46,5,6345.777800483378,4,1.8180088217782098,monthly,1
53,4,6801.623694064871,3,-1.8257845711334075,two_year,0
57,5,5808.366156872802,2,-0.6011518699118343,monthly,1
50,9,2998.83824646388,2,-1.375987910306575,monthly,0
44,0,5704.304392689336,4,2.4546506236954446,yearly,1
51,5,4018.159240530279,4,-2.5895861107545537,monthly,0
53,3,7434.462617126768,3,-0.6671601543915189,yearly,1
40,11,5558.199577587089,2,-2.421912795867061,two_year,1
57,8,980.1101526832044,0,-0.9349422861212544,yearly,0
38,21,2920.533053686545,2,-0.3157117214287184,two_year,0
44,2,5439.723494795723,0,-0.13482446011134264,monthly,0
18,15,7064.112496072255,5,-1.9077407982808094,two_year,1
43,13,6425.978305087524,0,0.24437566884445716,yearly,0
46,14,4434.655966632725,1,-0.4100975235186788,monthly,1
29,6,4755.606179041223,3,1.4913945235039372,two_year,1
28,8,6620.903033789375,5,1.3148201754899482,yearly,1
56,22,1193.4647786261253,0,1.895622847461822,two_year,0
36,17,3763.336803675599,0,-1.2780607376273831,yearly,1
44,1,13209.827040508912,0,-1.1413203491495363,yearly,0
52,3,1884.8100845286276,0,-1.1909669130343883,monthly,0
51,19,2759.245260497781,0,0.833899786027863,two_year,0
58,15,4371.6290456502775,2,-0.864476879275254,monthly,1
43,19,2844.6381487801914,0,-1.493527938361863,monthly,1
47,7,7897.136348826909,5,0.9294083570736251,yearly,1
43,19,5672.577116289843,6,-1.8343055469135494,two_year,1
32,27,1142.9462950486468,2,-0.04188254356198717,two_year,0
35,6,4011.283541000867,1,-1.2264592207555374,monthly,0
48,17,3379.555735748231,2,1.036897286849632,yearly,0
27,25,4921.94696689221,1,0.22644232059305214,monthly,1
48,18,2739.9185171134563,4,2.6376674646448595,monthly,0
33,24,59.74254071163159,2,1.1425405242461584,monthly,0
45,18,4611.703090552538,3,-2.4855140959905393,yearly,1
28,0,8947.773340049107,0,-3.2212357149760846,monthly,1
46,5,4858.836293589336,1,-1.1818491304023775,two_year,0
34,22,1376.8653069904612,0,-0.3522274244281738,two_year,0
58,5,8461.873186278252,4,-3.165634798769761,monthly,0
51,10,3964.8528975358704,3,-2.3413539070405713,yearly,0
48,13,2145.842959198058,4,-1.4610455241842253,two_year,1
38,14,3110.6886289768763,1,-0.8374960786453344,monthly,1
31,4,4449.751641784328,2,0.06314307640478045,two_year,0
55,9,7121.513261002168,6,0.8681458915060959,monthly,1
30,4,7236.999112290199,2,-1.001417010091938,yearly,1
42,27,8134.64187394656,1,-1.0023824067389282,monthly,1
21,15,1878.8887913874496,0,-2.7560604413137346,two_year,1
26,5,9897.479670183742,0,-1.179160937425545,yearly,0
37,9,2334.219536063558,1,-0.8255147081701644,monthly,0
62,9,2664.804205743178,5,-2.7541357669759297,two_year,0
56,20,5186.83955263893,8,0.6396831512467589,yearly,1
34,6,179.28020520856535,1,0.9783987268539045,monthly,0
48,8,5630.414827593458,1,1.7776338376388998,monthly,1
35,0,4099.009194943497,4,0.40464937541374413,yearly,0
60,15,2643.6613232243753,0,3.2881498026127067,two_year,0
34,9,9712.79505150977,7,0.9629125364431793,monthly,1
35,13,2020.5389719243526,1,-0.619340330923104,yearly,1
28,0,6230.652787064047,1,-0.5833171541430564,yearly,1
48,13,1190.914229389678,3,-0.29085767338250645,monthly,1
39,18,4308.6883802898965,5,-0.3493327068154566,two_year,1
34,3,6512.649432629702,3,-0.32877770400145834,two_year,1
36,13,6912.33314072336,1,0.49933465182642167,two_year,0
44,2,5357.723651231322,1,0.021021789032357185,monthly,0
36,28,1811.7648609371645,2,1.654365841951946,yearly,0
51,16,954.2032990868365,1,2.030705941478698,monthly,0
47,0,4291.736956972939,1,-0.2124381348558515,monthly,0
27,3,3297.3749739708414,4,0.5236909640421685,two_year,0
16,31,8514.652018487035,2,0.36911835359367684,monthly,1
14,3,5726.689631520481,0,-2.06897445324739,two_year,0
30,1,10774.582704001947,1,-0.3050349663030987,yearly,0
45,5,2144.356734475826,3,-1.4622091341525851,monthly,0
29,32,1079.929376629887,0,-0.558353319262952,monthly,0
49,12,6681.289691151266,2,-0.1378342548203917,yearly,0
28,8,5407.936472291731,2,-0.2188580223194525,monthly,0
45,20,5115.539189487207,1,-1.40363807034448,two_year,1
43,4,912.0727619431896,5,-2.9765573285506415,yearly,0
30,3,1347.227243437033,2,-0.5651320063685015,two_year,0
34,11,2871.3617555591804,6,-2.884804716629173,two_year,0
40,8,5522.747924447365,1,-0.22715695111871215,monthly,0
48,6,5965.406297107471,2,2.2673192387398005,yearly,1
36,13,635.2306574612876,0,-1.1125706503127886,yearly,1
45,29,5417.3274593015785,1,-1.4367487646478765,two_year,1
41,12,5764.812554737759,2,0.9630635541324589,monthly,0
43,16,7781.522034863074,7,1.2492176119542593,yearly,1
44,3,6883.630962032072,4,0.965772325656391,yearly,1
36,24,5249.3077268169,1,-2.431921183933369,monthly,1
37,2,8303.261732781542,3,1.2255477640108332,two_year,1
53,2,6935.841346545433,1,-0.2640116926784646,yearly,1
28,19,1464.0426909561875,1,2.0974594652756497,two_year,0
38,13,3804.851234413901,2,0.4583967871377699,yearly,0
40,3,9110.900447455317,4,2.119371579252307,yearly,1
43,27,7488.031937274049,9,-0.2042434976899159,monthly,1
23,9,8918.715524378853,5,0.2586743909384004,two_year,1
65,6,10224.894336373512,2,-0.11029784301717394,yearly,1
36,20,2412.0298673288316,0,-0.13575331226676313,yearly,0
45,18,7057.607391709353,0,0.5913212752306365,monthly,1
51,15,3305.1600832433724,0,0.8275947111294638,two_year,0
49,28,352.3562971022866,2,0.8680065950421638,monthly,0
36,11,13479.31998683675,6,-1.8181309620196666,two_year,1
20,4,6753.417473694578,4,1.4936403126515532,yearly,1
35,17,2774.2851249775827,0,-1.188747410595858,two_year,1
42,17,4457.790114399366,2,-1.3960527259235826,yearly,1
40,18,2400.027968037537,0,1.783924975276955,yearly,1
36,26,4717.368295977702,1,-1.144185915525751,two_year,1
38,23,3057.1827894230605,2,-1.7806549424860585,two_year,1
48,7,5286.763034107002,5,2.5353405489619325,yearly,1
43,3,6964.866010339192,3,-0.6650995133359021,yearly,1
33,6,7833.008313423527,0,0.22787784586221216,two_year,0
39,5,2702.7138040268824,4,-2.6829378019780217,monthly,0
39,6,4247.283874013346,2,-0.2077799863224843,two_year,0
45,16,3442.3649777554556,2,-0.9676737295089011,two_year,1
52,2,6711.837936344559,2,-2.866974187844957,two_year,0
38,4,5559.781807585994,2,0.5792331647176747,monthly,1
39,9,1978.1022748351234,0,-2.083038473288147,two_year,0
26,22,617.0683856110809,1,1.7603506200147558,yearly,0
43,9,4813.4019933546715,5,2.848660352238228,two_year,1
57,20,6428.840468765606,1,-1.234943417906662,monthly,1
34,8,7315.69670232858,3,-0.6971218153244743,yearly,0
22,25,5803.144324201194,0,-0.32603664310822666,two_year,1
34,12,3578.222941700562,4,-1.700441443838111,monthly,0
45,30,3782.2911462343454,1,2.2324766237306104,yearly,0
32,14,5199.85979580399,1,-0.15003922884073573,yearly,0
33,15,3323.861807621033,4,0.8019826783009429,monthly,1
31,8,1170.009729905048,3,-0.5907188134883989,two_year,0
50,27,2142.1152495123692,2,-1.4947573597689021,two_year,1
40,23,6552.868013082971,2,-0.6936987165062644,two_year,1
42,17,2621.0605281959297,1,0.22696793557304773,monthly,0
65,19,3956.76215370827,0,1.052561416080287,two_year,0
47,19,1525.6370433461661,2,-0.6558515096755215,monthly,1
31,21,1891.9887062257726,0,-0.4411333321341091,two_year,0
46,15,9005.86720910649,7,0.02944905370220341,two_year,1
50,6,4707.7742045324285,0,-2.4605646738562506,two_year,0
44,26,7644.266651600516,1,0.5221827756417357,monthly,1
41,4,6141.849091278388,1,1.629324045647544,monthly,1
41,11,7991.299649327038,0,-0.7094826243920114,monthly,0
36,0,4408.784256548023,1,1.0653742109969833,monthly,1
40,1,564.0137238671159,9,-1.785412993240269,two_year,1
35,2,8764.365487599985,4,0.9579607739627685,monthly,1
50,18,3749.053370570994,1,-0.36896615395493493,monthly,0
58,0,8312.128719865106,0,-0.17756485427336655,two_year,0
40,10,402.55580865881257,3,-2.2220180837317254,monthly,1
32,6,3754.530949629848,1,-1.3528951176643895,two_year,0
37,18,2002.4269877656798,0,0.7684243957376427,yearly,0
55,11,3952.083524858198,2,0.43843714582456406,monthly,0
58,18,6304.934581733787,4,0.4190836560978428,two_year,1
30,5,5986.772380449036,2,0.2003636006574746,two_year,0
37,8,2809.859296770867,11,-0.1797081645402676,two_year,1
38,22,4581.0830039081275,5,0.6123308493231581,two_year,1
37,10,4640.082649551757,2,1.6961073933768684,yearly,0
33,6,388.63588412162244,1,-0.3909583811048055,yearly,0
42,6,8013.552198878817,1,0.5549646111480073,monthly,1
52,11,3647.3694694635483,3,2.5755748728247623,monthly,0
34,6,5123.760217308858,3,-1.9687296739492774,yearly,0
37,19,3601.4823515418175,1,-0.7554856515149426,yearly,0
48,7,5902.838557265583,0,-0.6947278519762135,two_year,0
50,5,1458.7888633172252,3,0.475381335940275,monthly,0
48,0,6211.34256557122,3,1.0236332748296657,two_year,1
37,5,6965.0419637952,5,2.1818899506546106,two_year,1
47,17,1489.0953928553663,1,-2.3356857725404234,yearly,1
36,25,3726.124720100488,0,-1.7544116684217324,monthly,1
49,16,4258.678164265869,2,0.27813435105107076,monthly,0
39,18,607.4945084676174,1,3.2538340143004056,yearly,0
49,14,4085.918807901639,0,2.0510923496079254,two_year,0
45,11,3270.598371521497,3,-2.7217594158187275,two_year,0
38,4,5690.620929140386,2,-2.1820026206958136,monthly,0
43,23,6597.597813832506,10,1.9387435727851303,two_year,1
49,5,2544.0197461914245,1,-0.4101206322986898,monthly,0
57,5,2500.027165201671,3,-3.0770859434010656,two_year,0
50,13,1924.6929352284478,0,-1.2357560603441655,two_year,0
29,9,3321.1213674334385,1,1.2725423844748578,monthly,0
39,5,1963.4424624638568,2,-3.8299354841125277,yearly,0
36,18,4001.973112498142,5,-1.3643998205108623,two_year,1
16,19,1830.6037070356238,1,0.3426719044068185,monthly,0
47,16,3288.3445665454124,2,-0.7929456931146317,yearly,0
48,15,3384.2477268065286,2,0.5169120032277164,monthly,0
48,24,5546.284459649727,1,1.7041109070919518,monthly,1
43,21,2531.139143951143,0,-0.47996807578776624,yearly,0
34,5,6216.773937986061,5,2.9636176147285087,yearly,1
32,4,2359.839278931119,0,0.9078766686334059,two_year,0
33,6,3769.10206858527,2,0.4108772026332861,monthly,0
9,8,3213.0030405068783,6,3.273615116198058,yearly,1
34,15,9196.895990046565,7,0.930429045919204,monthly,1
37,8,1663.633590278641,3,-2.8236231955499833,yearly,1
15,14,31.923352679812524,7,-3.6196325198661925,two_year,0
23,9,2668.81957801842,0,-0.4924676270550372,yearly,1
47,1,5388.848360611224,1,-0.3392769206449088,monthly,0
44,11,5914.827858142467,1,0.07750515283179105,two_year,0
22,22,1258.6752662627123,2,3.455774534883653,two_year,0
38,23,4391.677886441921,6,-1.5341855723131013,yearly,1
44,16,2542.070493550122,0,0.9755028251506901,yearly,1
36,22,3025.9437574621775,0,-2.4218690638249907,monthly,1
41,14,2496.131707600162,1,0.5702994660178562,yearly,0
30,18,4481.446713868715,1,1.0259679413087741,monthly,0
46,11,3052.2172230732567,1,-1.1040595418444124,yearly,0
62,9,5579.401618446307,0,1.4775333870212544,two_year,1
37,5,2185.7125064977,0,-1.2936044065978616,yearly,0
33,2,11356.046533358742,0,-1.198807909337563,two_year,0
40,23,1250.4187977245829,0,-0.6160059413333386,two_year,1
52,13,1227.0596206566202,0,-0.8844811783628055,two_year,0
29,21,1519.2621827895537,0,-1.7381348087649204,two_year,1
33,26,691.6195358109626,0,0.42797619988348623,monthly,0
22,39,8967.269699445586,2,0.5462695941672229,yearly,1
41,12,4318.995967803916,4,0.44492701272023305,yearly,0
28,21,1317.3448049226336,0,-0.19659493766203973,yearly,0
37,11,414.7036669840463,2,0.8445846584463896,yearly,0
46,13,5916.788183220552,7,2.820024714931142,two_year,1
24,3,1477.2201909829228,6,3.1542108538436713,two_year,0
41,15,346.4655380978311,4,-1.3387903815494249,monthly,1
41,24,1085.7592962891222,0,0.6365966577616917,yearly,0
31,11,3444.5393550260524,1,2.6994244931507883,monthly,0
44,6,2149.2542487562905,1,-1.7117349160594109,yearly,1
57,27,5285.424789760832,0,0.9824367948559605,yearly,1
32,13,5143.253347589812,6,-1.5460217785498425,yearly,1
29,12,5587.982353365584,0,-0.8702812139273304,two_year,0
39,3,6740.79924601771,4,1.5245639513975893,two_year,1
12,22,2356.7378107679006,0,-0.8021126309865938,monthly,0
43,17,3128.5063758852134,0,1.2119489929493175,two_year,0
33,10,1533.8700090747475,1,-2.267819812131428,monthly,1
31,3,2164.339997478563,1,-2.3431449119941865,two_year,0
22,8,8557.41149806935,1,0.5911558015456329,two_year,1
28,11,7131.625709213863,6,1.684049122954739,monthly,1
22,0,9371.747496244509,2,-1.5156008726553445,two_year,1
38,13,7135.567209140054,5,-0.3455126987453261,monthly,1
30,27,1454.661349295031,0,-0.6354016042129347,monthly,0
41,6,4200.077289959633,3,1.4043172997988644,monthly,1
36,14,1117.360975081886,2,-0.06059008310462377,two_year,1
43,15,1821.4831469098758,4,0.13298741396617197,yearly,1
33,25,7456.220399301261,4,0.6414958985048811,yearly,1
32,13,5286.086819822504,5,2.4012122052216136,two_year,1
37,4,6863.458010923342,3,0.26002494043942115,monthly,0
33,12,7507.0008911786545,7,2.2506423844159507,two_year,1
56,15,8525.646828692916,6,-0.9771838991967352,monthly,1
59,23,3173.319976547833,3,-3.4871694169576686,two_year,1
20,9,3333.516610527304,0,-0.37274603085371016,two_year,1
52,10,3785.005541972122,4,1.4803289825363595,monthly,1
38,5,3455.6332475870186,1,0.6795114325055449,two_year,0
45,6,8012.926927836281,1,-2.364034011706575,monthly,1
52,11,3285.182162127483,4,-0.7047301145678312,two_year,1
46,6,7857.355075381451,0,0.08178925788848979,two_year,0
42,15,2782.6206240617857,1,0.7096814462362895,monthly,0
36,15,330.5094864475104,0,2.520680889563505,two_year,0
30,1,9711.193810136374,3,-0.7347734189697794,yearly,1
31,1,5627.384332952674,2,0.694655341250922,monthly,1
48,5,5539.112952303221,5,2.393455463771364,two_year,1
46,13,3718.0375050916746,3,-2.373242676156198,two_year,1
35,19,2682.1200309114874,2,3.293266917181727,yearly,0
32,13,2858.9157567635516,2,0.38334223700283787,yearly,1
40,9,3107.0546496851925,3,0.6560928278396233,monthly,1
58,11,5874.838738103387,0,0.3886748937390522,monthly,0
40,7,7246.288846057643,3,0.04030076092580048,yearly,0
30,13,5368.545424247502,2,-0.30569761006288143,two_year,1
35,11,1274.4703753775316,1,-0.5957983320248946,monthly,0
53,5,393.0385545467261,4,0.5690601137969247,monthly,0
44,9,1548.8022605327442,1,-2.782380031896035,yearly,0
42,5,1124.1056746286586,1,-2.7784233111143424,two_year,1
16,12,7506.208975129217,7,2.6528929422891148,two_year,1
33,4,4810.49101140972,0,0.11470222534232244,monthly,0
58,1,6208.935106380127,4,2.492069600048781,two_year,1
33,5,9782.008352535442,0,0.4166799616415304,monthly,0
40,22,3138.498420747783,1,-1.205775736314342,monthly,1
58,2,4987.988329388014,0,-0.16371368265517083,yearly,0
40,16,73.78350273140404,2,-1.7695886786090484,two_year,1
51,2,4205.183356517286,2,-2.3305091641626294,two_year,0
32,6,6100.668556616467,4,1.0873237870166519,monthly,1
22,3,5664.5239700453385,4,2.008732774296098,yearly,1
43,5,5551.486571186707,1,-1.1376051354536085,yearly,0
42,5,6452.9790063826895,1,-0.9065202588842599,two_year,0
38,3,13349.812440406427,5,-1.931529418885416,yearly,1
32,10,5831.551142689169,1,-0.09795695957282535,yearly,0
26,11,943.7374086752684,0,-1.7703010950742715,two_year,1
32,19,2515.43694203227,3,-0.7490673948477423,two_year,1
47,16,3798.283635011301,0,0.8305816023361364,yearly,0
43,16,4372.472924586811,0,0.27568172833288285,monthly,0
47,1,7752.282452982302,2,-0.18839628637050287,yearly,1
43,14,9956.499668349788,7,1.0451644019753905,two_year,1
43,0,6764.744963557319,3,1.3015088771979308,yearly,1
25,26,946.1570413651452,2,0.5705235714304351,two_year,0
30,0,6324.450654038074,5,3.7050779571584656,two_year,1
54,18,5065.292073206854,0,-1.890889596579537,monthly,1
48,8,8552.580841747013,6,0.4888860921231659,monthly,1
44,18,1560.9183323629422,2,0.16654991078374337,monthly,0
46,4,6245.116122636844,1,-0.7214350334044477,yearly,0
45,11,1433.7383586941478,0,-0.017275801481572817,yearly,1
41,3,427.1592413021499,2,-1.8223496383504516,monthly,0
46,15,1825.737171212626,1,-0.4458194738671104,yearly,1
50,32,5645.457406816491,1,2.272025504006109,two_year,0
50,14,862.5344333917737,0,-0.3703333070295167,yearly,1
41,19,1332.2549102778653,1,1.2667685359716745,monthly,0
28,2,6790.367687396423,3,1.4285089255035943,two_year,1
26,9,9061.057480889394,3,-0.43900821946269697,two_year,0
26,4,6161.705862528974,0,-1.0293505979770818,yearly,0
48,18,3487.811708908922,1,1.0490643541934757,yearly,0
48,3,938.3494623530869,0,-1.3660032597710872,yearly,1
49,2,4782.841684407501,4,1.6009866488136442,monthly,1
34,14,8634.417666075735,7,1.426816161116377,monthly,1
35,14,4161.5122047161585,2,1.220136834190466,two_year,0
39,23,4482.625650073579,1,-2.3922788996836513,two_year,1
44,23,702.0658171097903,1,0.291858700736892,yearly,0
19,10,6068.388506378524,1,0.42317697288763867,monthly,0
25,33,3694.084931035113,2,1.868822613078247,two_year,0
36,11,1143.6510958680228,0,0.38330834353717647,monthly,1
12,21,2541.1265977087114,0,1.9953384883761651,two_year,0
22,23,2571.8377593956207,1,-1.765561851567932,monthly,1
44,4,43.47118161376784,0,-3.1156824080774412,two_year,0
26,28,119.83045848886832,0,1.7217897626431786,yearly,0
31,20,10048.10054163216,6,-2.4656997909034546,two_year,1
42,10,2166.4841818655195,2,-0.7206134306106223,two_year,0
50,18,698.9471275155965,2,3.2911255603978256,yearly,0
40,5,9576.61270225533,5,0.10715638186211729,monthly,1
24,6,6896.423358602676,3,0.20826788598119172,monthly,1
18,4,7583.987174269631,2,-1.0344376910025042,yearly,1
34,21,2089.847974392845,0,0.9641581653765458,monthly,0
36,2,5021.3839687166355,4,5.13160675114613,two_year,1
48,19,1695.201354052852,0,-0.009273703522105325,two_year,0
42,5,2308.6642713645188,3,-1.086151780026637,two_year,1
24,9,6209.658029817598,5,1.341243473294718,yearly,1
26,18,6327.361073048349,7,0.7085730390126647,two_year,1
28,11,4062.86716824784,6,-3.447723306264276,yearly,0
32,17,8452.213250478764,8,1.9241268899027562,monthly,1
38,3,2005.8508849136779,0,-1.6180692639124623,two_year,0
50,15,6618.110796233957,8,2.0181215380338724,yearly,1
49,2,4256.9835570353,1,-0.07767163641175145,yearly,0
50,6,6377.949734450608,1,-0.9662862066324531,monthly,0
55,9,3097.2123196698094,0,-2.472796835565453,monthly,1
35,10,3540.9920854164957,2,-0.8058712397377485,monthly,0
45,17,2296.4932935037295,1,2.3827262693238414,yearly,0
32,13,7303.71621607604,4,-1.1352817365761787,two_year,1
46,17,1423.283030700526,3,1.1127329229396232,monthly,0
36,4,5742.765789814055,1,0.1102439268351807,monthly,0
39,10,2262.67576001799,1,-0.7017177474463026,monthly,0
37,17,6396.134743775284,8,3.4244371282537074,yearly,1
38,15,4660.082341046212,2,-3.0232181624965717,yearly,1
45,25,520.6462729039031,0,-0.05204853624852879,monthly,0
24,17,5099.983522180411,7,2.4067330017085977,two_year,1
26,17,6745.638925824594,6,0.2746009086071314,monthly,1
33,23,849.687413717731,0,0.7328937495517452,two_year,0
42,27,4301.333321763597,0,3.0761344368064067,two_year,1
32,21,1843.7167800442062,0,-1.7694979119683547,monthly,1
57,17,5331.3753126108995,0,-1.265599809940305,two_year,0
43,10,5641.2118883446865,0,1.6864365962553092,yearly,0
41,0,2022.7822763074278,7,-3.877616823013194,yearly,1
45,7,3574.5257000782385,0,-2.534023686051431,yearly,0
52,5,8132.428902946433,0,0.3808266429307421,yearly,0
22,7,5675.338327772058,0,-0.4683430967657044,two_year,0
50,17,2954.1401403603923,4,-2.1676355716705906,two_year,1
36,13,4598.091192663072,1,0.6466374974714042,monthly,0
54,8,899.0451264831327,1,0.03884618494517689,two_year,0
42,4,4350.526046161562,1,-1.1854426231722417,yearly,0
34,13,1770.0381223236868,0,2.4505475786422877,monthly,0
33,4,2520.106635776836,6,1.5795766729083427,monthly,0
49,7,5023.069554645723,5,2.070800869022669,monthly,1
43,16,7278.620402520759,7,1.4021304724703245,yearly,1
25,4,10590.952490969648,1,-0.06525662220821848,yearly,0
45,17,1843.229042621504,0,1.5642469409738713,two_year,0
27,0,6437.630256481393,4,2.8401025525418433,yearly,1
49,17,6675.436321570913,7,1.4489898597445143,yearly,1
35,12,3180.3256995632937,2,-0.3395907324488109,yearly,1
28,15,8061.241525394628,0,-1.3417731154098296,yearly,0
54,12,5975.542111231647,6,-3.6198426362941003,yearly,0
42,10,6958.680579777363,3,0.5934116510428356,monthly,0
43,6,2786.912211168603,2,-1.3152684921384659,yearly,0
21,11,2306.091746035646,2,-1.0715277694854122,monthly,0
40,13,3239.0436242660508,4,-2.601672352268274,yearly,0
61,14,3561.6000531681793,4,0.21262719478981595,two_year,0
37,8,6730.7295729613215,2,-1.409630774663251,yearly,0
41,7,7992.986472683365,5,1.062567929777767,two_year,1
43,11,7043.878961514406,5,-0.4056599736945459,two_year,1
45,7,5169.794688585819,6,2.132245559243274,yearly,1
54,0,2684.8278358090924,1,2.2368664589560785,yearly,1
40,21,1432.523218774942,0,1.0820235601081387,two_year,0
43,13,851.6141278431032,1,-1.1284698289962962,monthly,1
29,16,4662.921047101021,0,-0.47858401025507424,yearly,0
33,18,4656.31080741821,0,-2.4460445230904977,yearly,1
31,5,303.357688484346,4,0.009308862307303212,two_year,1
36,1,5661.10072103966,4,0.8204237884730556,monthly,0
44,1,4886.903629773989,4,3.509607738183388,monthly,1
48,26,2676.662031198779,6,-1.0276928277199335,monthly,1
50,14,4949.280918899843,0,0.5155320466739037,yearly,1
42,9,7428.755467795514,6,2.342289475265023,monthly,1
13,7,6803.969411095671,7,2.916017372078853,two_year,0
31,15,1578.517446659639,0,-1.3979393593210503,yearly,1
38,19,2058.9038216538356,1,1.458416887265354,two_year,0
34,8,5070.224819180353,6,3.6852180343645253,two_year,1
29,22,3978.007854540336,3,-1.3677525851789265,monthly,1
33,14,1433.8048704056787,2,-2.9365016436922633,two_year,1
42,15,4522.219714838521,2,0.10158648848689622,monthly,1
53,17,2580.5627169750705,0,-0.29972644390144587,two_year,1
46,19,4161.073693035822,0,-0.2701765311109059,two_year,0
24,18,5662.116355929778,3,-0.1153492680638285,yearly,1
21,20,1995.3131398480841,2,-0.0043881700018464365,two_year,1
49,22,1860.766120931201,3,2.629986030424173,monthly,0
21,7,6897.127966280824,4,0.5574830436599281,yearly,0
36,8,959.6434226036208,1,-2.135958708431464,yearly,0
43,1,6847.218754097523,3,0.31010736393011507,yearly,1
36,10,1918.270068838085,8,-1.7748544796754644,yearly,1
45,8,6197.68889783722,5,2.5279537740673437,monthly,1
43,22,771.5241256974468,1,1.6760389682935422,monthly,0
39,15,5496.413836811995,1,-2.169104777879822,two_year,1
56,7,4488.381587285655,0,1.0359775535227205,yearly,0
45,6,7943.346071816693,3,2.915516141317788,yearly,1
41,14,7335.389205032376,6,0.8764418893216506,monthly,1
48,8,4028.301571171165,1,-1.3499134918217732,yearly,0
46,17,6091.845658754474,8,2.9625413005724335,yearly,1
30,25,1709.5763155704572,0,-0.6410730355714889,monthly,0
54,13,6847.998769287595,1,0.9098272529488878,yearly,0
34,16,4922.662838314553,2,0.06500620526287237,monthly,1
26,0,8161.247146792433,1,-0.4270440843842953,two_year,0
41,9,7181.8390200200665,4,-0.42886158861818835,yearly,1
35,4,7726.314224623058,5,0.872725647164035,monthly,1
42,9,1045.6841477817256,0,0.3530170487028248,yearly,0
48,10,96.66367636857467,3,-2.1929694274701563,monthly,0
27,8,3005.4412109747063,3,-1.532161391671204,two_year,0
30,1,1887.8774095717822,4,-1.8842755060954108,monthly,1
30,5,6252.039812784985,3,1.2617879578171285,monthly,0
24,9,1983.9365004262522,2,1.3313800734575705,yearly,0
37,26,27.68465787300829,2,-0.051749699648532266,yearly,0
29,22,8472.241270013252,8,-0.032907882278201184,two_year,1
38,14,1568.6099510999634,4,-0.8440324748278021,yearly,1
49,10,54.467823613911605,2,-2.1516244688638277,two_year,1
33,2,4210.875042830554,3,0.32716701934697845,yearly,0
33,2,3513.5498378710854,2,-0.8274668316364597,yearly,0
32,11,7007.716812842438,0,-0.6808589006430799,two_year,0
39,19,2510.53385577753,1,-0.6653416610777448,monthly,1
27,3,13.747209534876674,3,-1.9561520351154025,monthly,1
44,3,7777.291729941009,2,-1.5011956603351186,two_year,0
30,9,861.4841230935326,2,1.3987684050879947,two_year,0
43,19,3251.927281016636,6,2.2837714957347774,yearly,1
35,21,887.1781249596161,1,0.9730110935955343,yearly,1
35,9,6267.281445279052,3,-1.532654364781418,yearly,1
40,14,3971.6136252977058,2,0.3998645103729248,yearly,0
54,20,5391.500360754817,3,-1.976215545828227,two_year,1
60,0,4880.672605633063,3,3.1913626197749525,monthly,1
35,26,116.85413370129663,0,0.698714746227266,yearly,0
22,7,5128.024065163833,1,-1.1411001614288725,yearly,0
46,5,6356.907003618132,3,-1.5636017770253205,yearly,0
38,6,8600.990242393045,3,2.7064731185873465,two_year,1
28,14,535.120474042159,1,-1.7763247246348417,two_year,1
25,13,28.62227039356185,0,-0.6840524552197584,monthly,0
47,2,4987.872706984344,2,1.0128716987588702,monthly,1
47,1,8912.09177274249,3,-0.14664936708171306,yearly,1
37,11,4085.3612709294316,4,-1.3178843693732687,two_year,1
46,8,6906.075198004883,2,-1.5109363044562194,yearly,1
57,17,7554.407532978235,8,1.705605090124755,monthly,1
45,8,1587.0399635912177,9,-4.311747512578885,two_year,0
50,19,4431.874106234621,4,-0.8696222841022714,yearly,1
40,3,7617.766711043675,2,0.4292562787364643,yearly,1
49,13,1598.6180131467954,2,-2.4442674286438475,two_year,1
35,9,2847.461432364703,0,-0.25888260067026414,yearly,0
35,12,1553.0805134281022,1,-0.977899215200046,yearly,1
28,4,1124.865179848709,0,-0.1204969536427889,yearly,0
47,6,4313.136081476476,1,0.9185746839517817,monthly,0
23,29,1204.0696864851866,0,-0.6476148403698148,two_year,0
43,19,6105.262203479,4,-0.4245925256683408,monthly,1
46,25,251.93930418983473,0,1.9474458979501121,yearly,0
15,2,4920.288732712434,6,4.693229080821984,monthly,1
66,6,2845.849326132573,1,-0.9323480849701906,yearly,0
46,6,1152.4016956624405,1,-0.6717882738891056,yearly,0
43,9,6784.129473385818,7,3.4602925814670966,two_year,1
28,16,1755.1868376409852,1,-0.6191756816046359,two_year,1
52,22,664.0428796917149,0,0.08522577246051677,yearly,0
45,7,530.8524946309635,3,-2.555129621748275,monthly,0
47,11,8003.662524345453,5,0.8858283580578653,yearly,1
42,12,784.2781544819954,1,-0.17862103464755996,two_year,0
49,9,2848.6543227306265,2,-1.662476418868979,yearly,0
32,14,60.46209850076593,3,-2.1942444309989764,yearly,0
42,16,2481.73382597909,0,2.093154004037259,yearly,0
21,15,1999.3367821327352,4,-0.8598148428402157,yearly,0
38,8,2143.8587086031666,0,-0.7004004257631111,yearly,0
42,13,3915.2088752847308,1,0.41803642763357196,two_year,0
50,12,5339.601754552504,1,0.1941272460825063,yearly,0
43,3,5398.841170347861,5,3.392077102493604,yearly,1
5,13,1711.565797689026,1,-3.0962023481868037,yearly,1
29,32,5390.160383382357,5,-1.000806762864736,two_year,1
42,2,4031.61703533272,0,-0.9101967328618557,two_year,0
45,13,4739.922132224053,7,2.4467465103173085,yearly,1
34,29,1635.3847002873536,0,1.0603873645728865,two_year,0
32,6,4081.7601667279987,9,1.604969778603536,yearly,1
44,16,3455.2520878538753,1,2.56176013654295,monthly,0
18,22,2334.1072056213193,1,-0.2437859994803444,two_year,0
32,8,547.3960710091105,3,-3.0850920883035258,monthly,0
46,12,1682.2291653060656,3,3.272166462689527,two_year,0
36,15,8439.989246458252,7,0.6633929800581124,monthly,1
33,0,10092.819418110976,0,-0.44322937779594684,two_year,0
53,9,3321.2972689221688,4,1.8867888026021034,monthly,1
37,21,901.110781302009,1,1.8745606626049427,monthly,0
40,15,8283.187599974033,7,-0.034274501946382374,yearly,1
53,10,1490.5719336431848,0,0.2711329062031309,yearly,0
29,2,6589.134411599554,3,-0.07966347653861439,yearly,1
33,10,168.2380526592924,0,-1.782997845914363,yearly,0
44,3,6253.097572682551,1,-1.1705677270186032,two_year,1
37,12,313.9518698638676,3,0.07619762308525946,monthly,1
35,22,5223.860130033318,1,0.02921974376426184,yearly,1
38,9,413.57151213541874,0,-1.0035817884286375,two_year,0
43,18,5297.121386293364,5,-0.38126209435330227,two_year,1
35,14,4949.801829852125,2,0.21420298481964806,yearly,0
27,10,4098.211170081413,0,0.21360233697301512,two_year,0
40,5,3310.4923325210802,1,-1.8033492746743787,yearly,0
49,9,2256.2124909598974,2,-2.228062718395347,monthly,0
37,9,6411.751789296755,0,-0.3846364916561196,yearly,0
60,4,1180.5907370045097,0,-1.0282390802945716,yearly,0
47,11,8443.519269186387,6,1.809239174103796,yearly,1
32,10,2382.784818158727,0,-1.2471971440540293,two_year,1
22,24,5236.993540723202,4,-0.24613518712893712,yearly,1
30,10,1152.2654924870735,7,-2.669802931841903,two_year,0
59,1,4691.472376191181,2,0.9768925573542834,yearly,1
45,12,1345.8841856884283,0,-0.9318697393459923,yearly,0
67,4,6832.0815474924175,2,0.16406484923707176,two_year,0
49,7,8199.093721471154,2,-0.8253260778594422,two_year,0
53,18,3470.2641498303074,2,-1.5258060138013159,monthly,0
27,15,1248.0752657916646,0,0.3267018916524338,yearly,1
53,7,283.9162795180937,2,0.7839599668674966,two_year,0
44,2,8270.031335629852,2,-0.11178121245799022,yearly,1
54,17,535.630092025679,0,0.5222750139253196,two_year,0
48,10,3913.9276201113717,5,-3.562429892325363,monthly,0
62,13,2953.48641992255,5,-0.5943904642899965,yearly,1
22,23,4036.355169958996,0,-2.3131286715531694,yearly,0
34,4,591.3136054369379,2,-0.15490501926195333,two_year,0
35,20,3486.609230819358,2,-1.7766775499811236,two_year,1
50,15,4152.849990274962,0,-0.20499368953689134,two_year,0
46,5,1586.3825012553498,0,-2.2625452850575805,monthly,0
23,3,6535.892422268798,2,-0.61515006411735,monthly,1
49,18,2450.0887161071905,1,2.2303306720004556,yearly,1
25,6,112.5625639857517,2,0.3513268025833427,yearly,1
29,12,799.4814368737434,2,1.074184847304719,yearly,1
40,11,2421.5992238795716,1,-3.030586087076588,yearly,0
43,14,7077.542886986972,5,-0.7833372721873968,two_year,1
34,16,4753.666563685633,0,0.8108335648647823,monthly,0
49,14,4316.906373642255,3,0.24294653285239043,monthly,0
41,22,4147.245423709789,1,-0.7897653908612227,monthly,1
48,21,6078.30499253346,2,-0.06465426043365241,yearly,1
47,19,2762.0111902394146,0,1.80831156089093,monthly,0
45,12,2787.8201225931857,4,1.6827350295186996,two_year,0
42,13,9043.417071696203,5,-1.2313609496907447,monthly,1
51,4,8013.629825102147,2,-1.015303033022985,yearly,1
26,6,1356.5996320581194,0,-0.9303345561295845,yearly,0
60,13,7560.214444328803,8,2.2033624545628863,monthly,1
25,19,2302.480614638033,3,0.31138544735220275,two_year,0
53,5,8000.598729044322,3,-0.8971781754164567,yearly,1
52,18,3079.064859663704,0,0.7932717013780286,yearly,0
56,18,1296.3553968905717,2,2.1496085791014163,yearly,0
42,7,1385.9331218239104,3,-1.1661888923374657,yearly,0
36,7,4487.676817567857,5,2.971748674734874,monthly,1
43,20,3921.1480561799526,0,-0.37651453608908736,yearly,0
42,20,7379.083587149952,0,-0.41900083090388995,monthly,1
50,15,4290.0533500719575,1,0.09756556852914511,two_year,0
45,9,8110.512050521082,6,1.2169477497069703,yearly,1
44,8,84.29352577726786,2,-0.6721768604075435,monthly,0
27,2,2897.1644081078693,4,1.1186275416162905,yearly,1
12,5,4550.272362957405,2,0.20371510085875721,monthly,1
41,9,6364.774869015899,2,0.9779477449397898,yearly,0
40,20,5224.076394234367,2,1.0835585511540802,yearly,1
50,10,8602.601041845557,6,0.566860349158575,monthly,1
33,13,2501.9046590689386,2,-0.5323895990588885,monthly,0
36,8,7082.442504748455,0,2.023868497523387,two_year,0
27,24,6115.665936218778,0,-1.78374868488386,two_year,1
61,27,4388.991953302399,8,-0.2267368748494003,monthly,1
46,3,8200.104094314156,3,2.166127707252108,yearly,1
41,6,2648.242966433095,0,-0.8979220275730682,monthly,0
38,13,4666.059000184259,7,2.8851486460016007,yearly,1
32,4,6518.559718269193,1,-0.2460087194722529,monthly,0
45,2,5530.367600394099,5,3.5632528942931248,yearly,1
47,9,1290.8516545957164,2,-2.7861656316099968,two_year,0
29,1,4056.1067443994207,4,3.4753465532860996,monthly,1
49,4,9802.802336006022,2,-1.3264337126622219,yearly,0
51,15,4380.373175209349,0,0.20141591486624955,two_year,0
11,3,4830.820845466042,0,-1.526822189347505,yearly,0
47,11,1717.4853638130962,8,1.5634921861003344,two_year,1
52,8,5989.17462530894,0,-1.1344697391210614,yearly,0
47,7,3162.776036193916,3,0.8987595620099722,monthly,0
44,22,1104.6918471648223,2,0.5653102706956886,yearly,0
41,16,5024.812954272685,0,-0.08201728221482463,two_year,0
40,9,5928.402879317482,8,5.084275419567826,yearly,1
45,4,7587.891050967254,2,0.9240784569753517,monthly,1
61,2,11653.169353419853,0,-1.6901773674553957,monthly,0
51,6,5201.84262580367,0,-0.05436533164182822,yearly,0
29,9,2324.665187565046,1,-0.12312528224209629,two_year,0
37,7,2839.043435283605,3,-2.0922043243036006,two_year,1
56,6,1307.1746463277468,3,-2.681390255590738,yearly,0
34,16,2074.543772274425,1,-2.5804358147660853,monthly,1
57,4,843.2438823505099,5,-3.066008909903443,monthly,0
43,24,1848.6058596012372,0,0.4401821999983173,monthly,0
34,5,3417.6137898258266,3,0.4488376076969607,monthly,0
50,16,1957.464141166895,1,-3.7828397454438116,two_year,1
33,32,5801.225031041064,0,-0.0660805108593876,monthly,1
37,7,8639.931126177893,6,1.4320177106578413,yearly,1
68,13,7480.254168518614,6,0.08505613762374786,monthly,1
15,12,3920.4855491074977,2,-2.1667621305073874,monthly,0
29,4,800.1236706397831,2,-2.4598879449345654,monthly,1
28,9,1926.7477870162388,2,-0.902026912912398,yearly,1
47,15,2925.0588913339534,3,0.851482035670394,yearly,0
48,11,3294.801983347987,3,3.0414575736250136,two_year,0
54,3,5448.611646683156,0,-0.9315180002496557,yearly,0
33,15,8291.261933356784,1,-1.5810232083906146,monthly,0
26,7,7031.374753751743,4,-0.03977026355864921,monthly,1
59,27,7763.91177215588,4,0.6505089248736842,yearly,1
44,3,6314.758969385759,1,0.7412055405673663,monthly,0
46,0,7774.898171353596,6,4.484191363187861,two_year,1
37,19,2563.9478346801,3,-1.6166912651146172,yearly,1
44,24,4951.920453231798,2,0.044329072671912106,yearly,1
46,23,543.5205802487517,2,1.575670846835246,monthly,0
48,7,705.7423261115491,0,-0.7416356785497678,monthly,0
42,6,3754.9706659181466,1,-0.8732890250113391,monthly,0
36,11,7256.060298479488,6,0.7333361336030835,two_year,1
47,5,6356.181399132396,3,-1.3664016704229007,two_year,0
24,13,828.6125013584251,1,-2.054132538858891,two_year,1
40,16,4092.8372811438526,1,1.6492310430882768,two_year,0
7,16,3896.70667531023,1,-1.0110347207303017,monthly,1
32,15,676.1372669263665,0,-0.27035390458884057,two_year,0
35,18,879.262981083878,2,3.400252837870752,yearly,0
26,6,7103.508984465133,4,3.0416525301045145,yearly,1
48,0,7070.164175828637,0,-1.6643772512882973,two_year,0
36,7,4084.765519899669,4,2.4942588943990196,yearly,1
50,2,3387.0625335115783,4,2.6602014971883277,monthly,1
31,3,9071.453920687378,2,0.35410566636408225,monthly,0
23,3,2668.810600619234,4,-2.767839824971062,yearly,1
51,29,7576.802063296542,4,-1.9327865573572232,two_year,1
46,11,6328.30410069607,7,2.6233091827585904,yearly,1
41,14,4844.865279506967,0,-0.042310664719123814,two_year,0
33,2,8953.179169563115,1,0.15708629414227104,monthly,0
40,17,1051.6807695401535,0,2.6073854910298877,monthly,0
51,19,6124.636476799578,1,-0.136091276422331,yearly,1
64,17,1270.6964203980183,0,0.8374813232420935,two_year,0
32,13,6458.578278930142,5,0.862389750344225,yearly,1
28,13,4486.526687911881,7,3.5443456660751598,yearly,1
53,9,9537.979743655344,7,2.978708776719514,two_year,1
38,17,5666.8165375191265,6,-0.2036159187358768,two_year,1
25,9,7821.3444116675655,0,-0.5949660847747773,two_year,1
38,18,5395.702200373953,3,-1.123298253174629,yearly,1
39,7,2667.21239873206,1,-2.0449950942625015,yearly,0
35,22,603.3236123585248,1,1.7521158610446377,two_year,0
47,11,5739.273714793293,6,1.947947264200829,two_year,1
40,1,4514.196444480891,2,0.29541631196005236,monthly,0
58,31,3035.0530168750392,0,0.8632529449282343,monthly,0
47,10,5722.420963103921,3,1.9905386715593054,yearly,0
36,17,867.4082679948015,2,-1.713426905678288,two_year,1
35,18,507.1697417212499,3,-1.0431483473479983,yearly,1
46,9,6954.456912402968,6,-2.8009425778693813,yearly,0
34,17,5019.477189762224,0,-0.8851185031021314,yearly,1
31,2,6168.2437608785385,4,1.497105947976086,two_year,1
44,31,3850.054074157163,0,2.624615205130487,monthly,1
26,22,4531.0834131565925,1,-0.6106788204288904,yearly,1
54,18,5589.859952103279,1,0.42961505339663153,two_year,0
16,11,4280.686018194015,4,0.9458701298994675,two_year,1
49,8,8040.059674959134,0,0.3459414928197533,monthly,0
28,4,5580.304816191537,2,0.13567724419711746,monthly,1
37,19,4022.135153193839,2,-0.8168434405658458,yearly,1
51,5,126.94421801542558,2,0.11765709212603337,monthly,0
44,22,829.9364017387597,0,1.3891546696206118,monthly,0
44,8,6343.802704114958,0,-0.5375567227770307,yearly,0
34,19,6442.6007182917,5,-1.3298489339311619,yearly,1
32,6,868.0358421678548,0,-0.6374069378633311,two_year,0
44,10,2156.9347355293576,2,-1.9705891095175991,yearly,0
37,18,1706.997506510082,2,1.5028243870959042,yearly,0
29,12,1487.4243824475034,1,-1.7851524106203316,monthly,0
39,7,6231.120893497245,4,0.8868906977590303,monthly,1
50,19,1390.9901376439543,0,-2.519201848909568,yearly,1
37,13,1180.545574487447,2,-1.1736557414511133,yearly,0
22,8,882.10406575669,1,0.5768831682886788,two_year,0
24,19,1504.8717622534891,1,2.0230127640548763,two_year,0
51,18,159.9388908385872,2,3.15318197938583,monthly,0
45,5,3890.526776919443,4,2.0635762202658503,monthly,1
31,21,1160.962999246079,2,-2.0819761402142896,monthly,1
37,9,7433.69985158712,4,-0.3133854548512318,yearly,1
34,9,9360.629345665271,3,-1.5411518043621166,monthly,0
41,3,2877.0655442642988,0,-0.0904323476622304,two_year,0
39,16,7073.903474988891,7,0.8772847930744033,two_year,1
42,14,2812.652444103209,3,2.554574495950084,two_year,0
35,17,8309.778585692648,6,-0.6380194795866097,yearly,1
40,3,7020.699539066614,5,2.0022013315930485,monthly,1
54,12,7140.634224469644,2,-3.30764659839286,two_year,1
39,14,6593.458243635445,3,-3.0087822641315496,yearly,1
39,5,5595.567762822843,3,0.5668259826231761,monthly,1
46,15,3187.230356057943,0,1.7226871863497708,yearly,0
41,23,3765.1284523207123,4,4.3168894029917935,monthly,0
15,19,3388.1332527274635,0,0.7722114278929565,yearly,0
32,14,5375.365411465026,6,1.1193945438605564,two_year,1
29,11,3576.571649440367,3,-2.0794805331212842,monthly,0
44,0,8541.209490247249,4,1.2967207651655515,yearly,1
41,13,1633.7434064232953,4,1.9770258771853557,monthly,0
32,8,4890.895026268045,2,1.6965280527125524,monthly,0
29,9,6888.635099109002,7,4.303050601996258,monthly,1
44,4,499.39888244515805,0,-1.3932211617144479,yearly,0
41,14,6731.181129257049,5,-0.4353067515570914,two_year,1
29,13,1613.6323889663258,1,-2.1780493199758677,two_year,0
43,0,7000.063309754665,5,3.700736130269917,two_year,1
53,0,9012.153967698296,1,-1.777412335549006,monthly,1
42,10,1940.702065235805,5,-1.8762877686576864,yearly,1
45,9,5442.716060241932,5,0.851914761076008,monthly,1
33,7,6687.372027034737,3,-0.86021283823398,monthly,1
43,8,1198.885335511548,1,-3.8358530474177974,yearly,1
41,17,7386.366470752601,6,-0.7884988317876824,two_year,1
37,9,4439.5871459585305,3,0.697593392542205,yearly,0
38,13,2270.615496371666,2,1.4333848016185644,yearly,0
41,5,3310.853532806646,0,0.031431768962546736,monthly,0
33,6,2370.3167875509707,1,-0.2582805033067769,monthly,0
43,19,7607.878552185315,8,1.3805862084582898,monthly,1
33,16,4246.757600789225,0,1.2257769395539155,monthly,0
41,8,7865.569264109997,1,-0.21905928681487596,two_year,0
54,6,7857.8923405901905,4,0.419813077197001,yearly,1
50,3,5717.563406480809,2,-0.039862984115266675,monthly,1
31,25,1.6452861444504379,0,2.2382953206864897,two_year,0
36,2,8288.250638400405,2,0.710473940825125,two_year,0
30,6,5477.198403141352,0,-0.20400286514376076,monthly,0
35,14,1366.056971140405,2,-3.6787105660949253,two_year,1
36,14,6338.504417712722,5,0.5345614074751102,monthly,1
31,20,1802.8964097989788,3,0.318637397187274,two_year,0
34,9,6502.251993789749,2,0.2642884598791896,monthly,0
35,10,1565.1661796319845,0,-0.40184172127530304,yearly,1
43,5,3622.9787970717125,0,-1.0491469852079482,monthly,0
33,4,7204.09210542704,4,0.7698856199665232,two_year,1
36,12,1599.5689140539616,1,-1.2142110297974944,yearly,1
39,3,5386.080149036037,1,0.5642217215822869,monthly,0
40,8,3216.265790679552,2,-3.1887136747977904,yearly,0
46,17,2236.009655295429,1,-2.3592177834538077,monthly,1
54,17,501.373626514599,3,2.2690819928302486,monthly,0
52,7,3154.9897237798205,4,-2.4937141112617542,yearly,0
29,14,5654.928500259196,2,0.4758339936839262,yearly,0
53,1,4900.7381776928105,2,1.5589611022619283,yearly,1
38,1,9785.359457341685,1,-1.1632883906373206,two_year,0
53,9,3796.0784044264647,2,-0.10128101509136767,monthly,1
37,6,8596.581627972619,4,3.325275494452688,two_year,1
49,2,3687.2350341119572,0,-1.343523169136541,yearly,0
39,23,978.8005613314403,1,-0.39625122905638976,two_year,0
40,15,2788.47318704072,2,1.0187962512196496,two_year,0
24,6,7572.609002209066,5,2.260568604562165,two_year,1
45,7,3186.953391537386,0,-0.1730535864588304,two_year,0
29,16,4118.161031892764,2,0.4040165679353406,two_year,0
59,2,1703.2064151514637,3,0.7173008292715095,monthly,0
52,9,1314.2912555678527,3,-0.8434567928583915,monthly,1
30,3,9637.723874859708,3,-1.3502424615306339,monthly,1
29,3,6566.309848945824,3,-1.0366860760126342,yearly,0
26,7,2010.1998621995158,0,-0.17058685058092815,monthly,0
27,6,5030.462996066976,1,1.3488089776040146,monthly,1
25,4,5249.796000764864,6,4.333156313737192,two_year,1
53,6,3453.176713027019,0,-1.2903368406219484,monthly,0
43,14,3476.949207403775,2,0.5036694051544459,two_year,0
33,14,8091.77253188589,6,0.6933146135106188,yearly,1
40,22,1751.7647281528807,3,2.0559503428702888,two_year,0
44,0,3141.087430547604,3,3.1878493062350004,two_year,1
32,15,9448.613610464254,3,-2.10934524511502,monthly,0
39,23,835.3084455413727,0,2.2372392436076143,yearly,0
27,13,4649.027118474425,1,2.822188547309489,two_year,0
40,15,3784.7185390034174,1,1.8459637758582086,yearly,0
41,21,5027.020249364145,6,1.6568528788669825,monthly,1
28,5,4972.247064718331,1,-1.6020183918201747,monthly,0
58,22,5103.130709692967,1,0.7803427870378925,yearly,1
30,28,6152.667778273944,3,-0.46978780009084176,yearly,1
35,19,3010.5214026578533,0,0.1273199448862259,two_year,0
38,13,2163.6119409877506,1,-2.382396624354892,yearly,1
25,6,7164.914423719778,4,-0.3508362717451359,monthly,1
30,16,5711.808230211348,0,0.030282443780373924,two_year,0
46,19,952.3364613869899,0,-1.7390918613348219,yearly,1
26,13,3994.5703863957683,3,-0.24692902406385553,monthly,0
35,7,3191.0223606011386,4,-3.0948546324574835,monthly,0
53,13,5197.844213731532,2,-0.30253278462140853,yearly,0
48,1,2681.448209346942,0,-1.9304230123201962,monthly,0
54,7,10426.907646462645,0,-0.03180198094919984,yearly,0
39,19,2040.745304703276,1,2.7146611638247506,two_year,0
35,9,9699.79297446841,7,1.629938892475191,monthly,1
37,1,7823.3530513008245,0,-1.3320477915614748,yearly,0
38,9,3423.2870967695544,3,0.4082077931990884,two_year,1
41,7,1878.090520035747,1,0.7483218170395767,yearly,0
24,8,3644.183983274359,4,1.1048680537386864,two_year,1
29,24,4206.898817605017,3,0.41873283344437073,monthly,1
30,24,410.07628089029276,0,-0.709721815671613,two_year,0
33,9,652.9920777586349,1,-1.0525534055112826,monthly,0
31,2,6787.7663693912145,1,-0.08258714432987457,two_year,0
39,7,609.9032851777793,2,-1.6792616421229705,yearly,1
32,0,8687.230486780098,2,-1.3133795192211681,yearly,1
37,12,7620.551983649932,8,3.2188886993428243,two_year,1
29,13,7526.841936698449,8,2.376717589723347,two_year,1
27,14,890.4630518017457,5,-0.3464240912215011,monthly,1
47,5,3338.3052626586823,0,-1.5203714302015214,yearly,0
30,21,2288.2383917568454,1,0.6265045573153227,two_year,0
44,3,6144.342885046139,5,2.149347789036793,monthly,1
38,6,1072.6551318698648,0,0.5502829297189877,yearly,0
36,16,2652.8344605697725,1,2.9465050921994047,monthly,0
61,15,4881.200513178565,2,0.7233546000363577,monthly,0
34,14,10562.276804546987,7,-0.013291946967996848,two_year,1
56,15,4116.687112875838,1,-1.2041952712079997,two_year,1
33,10,118.4550694135578,0,-1.2841777881375458,two_year,0
42,30,3453.49474298688,1,0.5291577780188301,two_year,1
36,1,3721.3259093899323,7,-0.12731469331754042,monthly,1
42,0,4031.0063196405204,1,-0.14916653699542914,monthly,0
50,7,8582.641627930501,5,0.7389034852497616,yearly,1
22,10,885.9985880247314,5,-0.7341986739639982,monthly,1
45,14,3942.5072463802353,2,0.229721606587437,yearly,0
24,19,7837.781453520241,0,-0.7868692072561626,two_year,1
36,15,3748.7022765857027,2,0.07210002066721088,yearly,1
33,3,6698.169168344655,0,-1.1948163736226074,yearly,1
54,9,8113.53799865275,5,0.06045888127495547,monthly,1
39,28,5989.707773283878,1,-2.7447778828595055,two_year,1
23,6,6336.383888431483,3,-1.4814851932166793,two_year,0
45,9,1450.2684230368704,1,-0.23308856791217503,monthly,0
42,6,729.8625732157134,4,-3.171323753157536,monthly,1
35,4,7125.903027699964,1,-1.1662891040424215,yearly,0
28,9,8069.886322545969,3,-1.7458476807879908,yearly,1
39,1,7045.678791941263,3,0.8214628799346942,monthly,1
25,11,7717.084943663302,8,2.847315412926136,monthly,1
36,0,9133.906127650338,5,1.0342102589490785,monthly,1
45,29,1211.2813258016895,1,0.1187430058108292,yearly,0
30,13,4961.410359543168,5,0.9591134356341118,yearly,1
44,22,4273.734076847258,5,-0.35881774790302035,yearly,1
47,9,909.0568746001372,5,-3.4987522857732136,monthly,0
54,3,5808.333047899362,0,0.044334931243492415,yearly,0
35,11,7225.564038712536,3,-1.5972427241258478,two_year,0
40,3,7079.1695443494045,1,0.2718583110750392,yearly,0
48,18,1279.964550082259,6,-2.4886185069270343,two_year,1
43,21,3065.444747926924,0,0.27623298298725585,yearly,1
32,18,4091.3664211066625,2,0.7981842052989858,two_year,1
43,23,4457.310634678196,0,-1.4079343100793527,two_year,1
38,17,1421.0482703480297,0,1.4312198302674157,monthly,0
38,8,202.5815582588857,4,1.2809190230685323,monthly,0
50,18,1429.7574160107688,2,-2.1123700217604924,two_year,1
41,2,6077.475201001769,1,-0.010834276351147532,two_year,1
56,16,2424.207277767244,3,-0.03832692969349738,yearly,0
28,30,7598.947332891759,0,0.15206850301422437,monthly,1
42,23,347.4605290281106,3,-0.5908883709059864,monthly,1
34,1,9686.350629315715,1,-0.21550668527381323,two_year,0
44,15,2888.8676696241787,4,-0.7797255197606525,two_year,1
40,13,5314.2175659113345,5,0.20463432137204696,monthly,0
47,18,1825.6609093620505,0,2.29098096874514,monthly,0
34,2,4644.257371287901,1,-0.3768598521516432,two_year,0
64,8,4959.292605224494,5,2.807572436164816,yearly,1
31,13,7005.838335033201,4,-1.4473707660931696,two_year,1
34,6,954.4706417927441,1,0.24913013638095372,yearly,0
64,18,3424.13685539616,0,-0.21821958746866965,two_year,0
20,20,3518.886536835426,6,-3.745956715589979,yearly,1
44,23,194.33529210499637,2,1.3311187425324849,yearly,0
37,11,326.1258853623858,3,-2.7337983442287515,monthly,1
33,6,6451.494233176386,4,0.5919555466822648,yearly,1
23,0,7131.750101053093,4,2.438114983447707,monthly,1
57,22,364.88896186095735,0,1.2630838049919393,two_year,0
45,14,7785.795243851878,7,1.2575178879108388,yearly,1
42,2,9921.271593904808,4,-1.5030720251934944,two_year,1
42,7,5776.862736488567,4,1.6894149192108252,two_year,1
17,18,1608.7568508335535,0,1.4452755775151278,monthly,0
31,9,904.7236370087558,2,-0.8081696367703023,yearly,0
29,7,5175.072350214732,0,-0.5968415696671874,yearly,0
29,26,5391.006085379098,1,1.3044229169634876,two_year,1
36,6,2087.5321889304987,4,-0.724312401235915,yearly,1
32,16,3365.774001788788,5,0.8047664282632663,two_year,1
38,4,4690.846526917116,6,3.6442304451109875,monthly,1
42,14,2296.595328652231,1,1.534697146039782,monthly,0
57,6,5795.447193353656,2,-1.4855507775064662,monthly,0
30,1,6623.285478234503,1,0.32567805104176606,two_year,0
35,8,7429.231710139169,3,-0.29286007922181034,two_year,0
31,27,1245.4210473556313,0,0.6852404229710563,monthly,0
43,6,3985.036557341903,0,-0.9376501893172433,monthly,0
49,19,2724.8440788740477,2,1.0281053815670207,monthly,1
37,25,254.98918665308975,0,-0.27718828273772655,monthly,0
45,25,2122.7167633469808,1,1.8863979328300464,two_year,0
21,6,483.20476408393824,2,-0.3267151119756473,two_year,0
32,7,4785.290876693566,5,-4.060857665567916,monthly,0
34,22,864.0023523216878,0,1.7865842835972536,two_year,0
23,7,3647.1868466694923,0,-0.5939801345218103,monthly,0
48,6,44.80816931027039,7,-4.400034184483379,two_year,0
46,3,10984.819684128568,3,-2.1116152053960935,two_year,1
41,18,5396.106530278101,6,-0.015061641026422157,two_year,1
11,30,3657.552018740505,1,-0.7466903807144236,two_year,1
30,8,5944.370459994333,1,1.9832170926476171,monthly,0
47,11,8464.45572687321,6,0.8756905954672155,yearly,1
65,9,4866.404941636409,4,1.4092695055719802,two_year,1
46,10,1973.7856546916105,0,-1.7709317946572551,yearly,0
31,5,8059.125811741668,4,-2.08991769979549,yearly,0
20,15,974.554354919153,0,-1.2146676934156564,yearly,1
38,12,9768.425563926761,6,-1.2135597161697502,monthly,1
36,13,3647.840133545836,2,0.4523213729759762,monthly,0
48,22,3255.5568132418866,1,-0.8440220324638048,two_year,0
24,7,2413.4538210591704,0,0.46933755721496695,two_year,0
45,12,5457.235228157002,4,-0.9397155366693875,two_year,0
42,13,5634.465517536059,4,0.5307112621372806,yearly,1
27,8,7177.872179927403,3,0.354530193102219,monthly,0
49,2,5637.8784123527485,6,4.7251919662545205,two_year,1
46,20,2646.134199423934,2,0.1319174441095723,two_year,1
37,11,7742.957524980539,3,-1.8847733144316976,yearly,1
40,2,8572.640342063383,2,-0.9241479663914396,yearly,1
30,20,301.4939170718553,1,0.40858746023905557,monthly,0
35,2,7945.864960538957,5,1.8930093240634651,monthly,1
41,16,3638.558229764193,0,-1.0352364753134418,monthly,1
45,13,5421.2782289810875,0,-0.6088915348376938,monthly,0
50,8,996.070098928577,7,1.5816676800070586,two_year,1
28,5,4771.608517825098,2,3.38651081743318,monthly,1
39,14,3354.8654721676467,2,1.4999877348711839,yearly,0
41,15,4379.699960084413,1,1.1358740112506363,monthly,0
37,22,4755.444733741579,1,0.05239326244378084,two_year,1
30,2,5978.591022857204,2,1.0327776385897647,two_year,1
40,16,3702.2488195386454,1,-1.7357410609618262,yearly,1
28,4,4163.962763828846,4,-2.3685371499312033,monthly,0
38,2,7660.444257296481,0,0.33751053578081347,monthly,0
42,6,979.7938885709937,1,-0.49741736090023725,two_year,0
36,9,5756.319853414742,5,1.9422597943632978,two_year,1
34,2,6068.315342485764,2,0.6699539493905121,monthly,1
55,19,502.5448870708178,1,-1.4371020592897885,monthly,1
47,16,3964.6618811498047,1,-1.4655771143668033,monthly,1
38,6,4570.556908450823,3,1.5519961413851504,monthly,1
51,8,5084.951024295558,2,-0.42031620362202726,monthly,0
62,1,5405.627679939267,3,2.762956185208242,yearly,1
55,7,6476.147530083691,4,0.6910977982667584,two_year,1
30,25,5885.144278323366,2,-2.188133559311553,yearly,1
48,4,1881.4879291662455,2,0.6830476576714506,two_year,0
57,18,1309.7470899111104,2,0.026062690845144565,monthly,0
37,6,430.20934921124626,1,-1.1471015080105802,two_year,1
38,16,2440.066587953366,1,1.8174984494650972,two_year,0
34,15,4945.419286224142,1,-2.126975125722943,yearly,0
44,3,7449.888484979228,4,0.21597058017280846,yearly,0
40,12,515.8388600000244,2,-2.069142551093048,monthly,1
37,19,1589.267991511325,1,2.0086961886170047,yearly,0
44,6,6647.423853653779,3,-0.4396894291164961,two_year,1
34,20,1713.821445565009,0,0.6644987089646615,monthly,0
33,3,6983.427734284021,3,1.2502230137223627,two_year,0
56,3,4182.705396186704,1,-2.218113302061335,yearly,0
32,27,452.66307253915784,0,2.489501777319502,yearly,0
55,2,3145.8713948062,0,-0.9285093406434811,yearly,0
42,13,52.23788385309308,7,1.2625759306534396,two_year,1
26,13,2621.5997598331705,2,-1.4961162936530197,yearly,0
33,16,2579.5830240170444,0,-1.4419973034726667,yearly,1
49,10,6093.509787760855,0,0.811548888095323,two_year,0
48,14,1133.484324758182,4,-1.8459952540843294,yearly,0
39,9,1713.4564699466055,2,-0.6368121149170567,monthly,0
47,26,964.0961873052802,0,1.6711565824379904,monthly,0
46,18,3631.830749231248,2,-1.718376793687164,monthly,1
33,7,1908.2228598701113,1,-1.4731918436772125,yearly,0
38,11,8024.900278244702,7,2.857193110989786,two_year,1
42,13,1768.4701100751745,5,-2.4398212270494533,yearly,1
32,15,9211.66806946259,8,1.0933257415198447,two_year,1
42,8,6340.309775171086,5,2.454273574594028,monthly,1
58,1,1932.9106374025232,1,-2.2892452492472675,yearly,1
31,15,1964.1566634548822,3,-2.178090811330341,yearly,1
31,13,5281.0352988863715,5,1.9541393546796297,two_year,1
35,11,3375.702211305109,4,2.055855813560009,two_year,0
48,18,3511.178480112605,0,0.4434220556535856,yearly,0
31,5,78.8849612918184,0,-0.6942770801372704,monthly,0
43,24,2794.465592864084,2,-0.6161366860683348,two_year,1
3,6,7215.522334609252,2,1.1308504066204417,two_year,0
34,5,5073.8412920342535,2,-0.18305177192079392,yearly,0
35,22,4263.205570884918,7,-2.166812603356375,two_year,1
23,13,4277.007398777125,2,1.3554816107990046,yearly,0
33,2,7706.999120265977,3,-0.17736898100004228,yearly,1
27,10,6655.188551645977,5,1.1858495636977573,yearly,1
41,14,8509.575512064266,5,-1.721581207234928,two_year,1
37,4,8972.063738118342,4,-0.051356808469564585,monthly,1
35,10,4418.446002725686,3,1.6872959246182087,two_year,0
45,11,1480.0994711704243,2,-1.3239654193330987,two_year,1
47,6,6730.143799009085,3,0.3990974015012161,monthly,0
52,10,2265.507394304228,3,-0.8391916369234382,yearly,1
10,23,902.4368066586612,2,0.05794731003529252,yearly,0
46,6,2344.1730017064097,4,-2.2225058530264867,yearly,0
47,7,751.8374439871632,0,-0.4823676302163352,yearly,0
50,23,2317.230423567845,1,1.0998853212141024,two_year,0
39,16,3818.4279223981102,3,0.011936541254410016,monthly,0
27,13,2707.344209986761,5,1.4882159373413484,monthly,1
51,16,3133.95719324631,0,1.0730786512393808,yearly,0
41,17,3959.3505439267474,1,0.011061194424461407,two_year,0
60,12,4809.484765470279,2,-2.1417168832991473,two_year,1
49,8,7386.922939596513,6,2.7181151359491142,two_year,1
47,2,8189.02252096439,3,1.2415010477520108,yearly,1
32,6,1204.111372418552,1,-3.0735293636479266,two_year,1
29,17,4561.697965120417,1,-1.499676729690105,two_year,1
62,19,3807.7405873994057,0,-1.1500338222323883,monthly,1
50,18,3630.67355963966,2,0.5691929107798666,yearly,1
50,0,3864.314816072988,4,0.5721727113425987,two_year,0
38,11,1493.8788507087852,0,-2.3572101601777926,yearly,1
39,20,14.347578563116258,2,0.2744248135762084,monthly,0
50,7,9052.307134999373,4,-1.6527943168221526,monthly,1
30,11,1433.0250541569926,1,-1.4691324846430052,yearly,1
30,17,7915.539788956061,6,-0.9802715581103392,monthly,1
33,19,1215.3737937830556,2,0.8744672615943115,monthly,0
26,30,2719.8678798778246,0,-0.24344816256878232,yearly,0
30,7,2125.330855046627,4,-1.9683238931543174,monthly,1
41,14,7553.807250692002,0,-1.2307262831880692,monthly,0
28,5,3101.987707469317,2,-2.3335330977695508,two_year,0
38,9,257.3789192273571,0,-0.7147977472522306,yearly,0
26,15,5327.221762502682,1,0.9128046482386594,two_year,0
43,15,4830.545692026922,2,-2.715389321351398,yearly,1
35,22,1372.07754982413,0,1.9762237793223603,two_year,0
48,6,6766.6027355102415,4,0.34101907824099287,two_year,1
51,5,7884.540253804176,5,1.3865931503659508,two_year,1
46,10,3361.6848690935103,3,0.5920165582290464,yearly,0
25,24,2021.1373272381816,3,1.4289526720100447,two_year,0
19,5,3468.4860601614346,2,2.2399771843822553,yearly,0
23,3,8537.774739692399,0,-0.6295267951801417,yearly,0
39,6,5100.464056267701,3,-1.954773879334741,two_year,0
74,7,8209.680218321084,4,0.061494624889730454,monthly,0
35,18,4800.103331264934,4,-0.6123809222648143,monthly,1
33,17,1586.2178232419192,2,1.0788336287906186,two_year,0
44,11,5243.790199231197,7,3.6351907047949426,monthly,1
55,0,9810.30705996625,2,-0.9688462548489267,yearly,0
37,21,260.6203902240786,1,1.54333398348234,two_year,0
39,9,9177.558452330397,3,-1.770918040170804,yearly,1
37,25,3804.7859412860143,3,0.5039236872830053,monthly,1
45,14,4404.178880007802,6,2.4739934707179585,yearly,1
32,0,9816.703445521161,3,-0.3203625052233976,yearly,1
19,0,9906.321400739194,3,-1.3968520881174467,two_year,0
38,22,3522.4929292197344,0,0.7001869364687137,two_year,0
56,4,2382.096040666498,1,-2.511759319333359,yearly,1
48,9,5134.581244012003,0,0.18489090027588428,monthly,0
54,10,3548.8792052780955,4,-2.5186105197610127,yearly,0
46,16,2303.33363793487,0,-2.0413928103187446,yearly,1
39,10,1018.744277130404,6,-4.3223667385667115,yearly,0
37,23,2027.644245918285,1,-0.8683954684509173,monthly,1
35,15,1878.3237224254713,3,-0.8955962831564621,monthly,1
15,18,5657.41278171095,3,-1.2009198852854528,two_year,1
36,13,8587.186329120765,8,2.861980450088574,yearly,1
26,2,2966.0540638058924,1,-2.2392101454337396,monthly,0
29,2,4909.798510068555,2,-0.4055716552138251,yearly,1
53,15,4521.619903166606,4,-0.9399706579844445,two_year,1
45,3,8887.19143988728,5,1.136432384865892,monthly,1
27,2,11313.462100129527,3,1.8849841615210097,yearly,0
48,7,6203.683523367573,5,1.8648016897178175,yearly,1
32,14,3117.690744216396,3,0.13791458514864008,yearly,0
34,18,3180.8519993046384,1,1.0414347449555463,yearly,1
21,0,3333.7257544640042,1,-1.546730739209619,two_year,0
53,8,5254.840453475578,5,-3.052153764019829,yearly,0
50,7,9121.824637357946,6,1.024525363731231,yearly,1
